"ROW_ID","BILL_TO_NAME","BILL_TO_ACCOUNT","SITE_NUMBER","BUSINESS_UNIT","TXN_SOURCE","TXN_TYPE","RATE_IS_CORPORATE","REC_ACTIVITY_NAME_BANK","SUBINVENTORY","INTEGRATION_SOURCE","DISTRIBUTION_ACC_ID","REC_ACTIVITY_NAME_CASH","REGION","CUSTOMER_TYPE","COST_CENTER_CODE"
23731742,Tabby Saudi For communication and IT,50011,"132024",AlQurashi-KSA,Vend,Vend Invoice,"1",Bank Charge,JARIRRD,Vend HQ,,Cash Rounding,SA,TABBY,"0159"
23731741,Hungerstation,45014,"132022",AlQurashi-KSA,Vend,Vend Invoice,"1",Bank Charge,JARIRRD,Vend HQ,,Cash Rounding,SA,HUNGERSTATION,"0159"
23731740,Mrsool,45015,"132023",AlQurashi-KSA,Vend,Vend Invoice,"1",Bank Charge,JARIRRD,Vend HQ,,Cash Rounding,SA,MRSOOL,"0159"
23731778,Mrsool,45015,"135005",AlQurashi-KSA,Vend,Vend Invoice,"1",Bank Charge,WADIDAWSER,Vend HQ,,Cash Rounding,SA,MRSOOL,"0160"
23731777,Nakhla IT Systems (LLC) Tamara,69011,"135007",AlQurashi-KSA,Vend,Vend Invoice,"1",Bank Charge,WADIDAWSER,Vend HQ,,Cash Rounding,SA,TAMARA,"0160"
23731776,Tabby Saudi For communication and IT,50011,"135006",AlQurashi-KSA,Vend,Vend Invoice,"1",Bank Charge,WADIDAWSER,Vend HQ,,Cash Rounding,SA,TABBY,"0160"
23731775,Hungerstation,45014,"135004",AlQurashi-KSA,Vend,Vend Invoice,"1",Bank Charge,WADIDAWSER,Vend HQ,,Cash Rounding,SA,HUNGERSTATION,"0160"
23731774,WADIDAWSER,153012,"135003",AlQurashi-KSA,Vend,Vend Invoice,"1",Bank Charge,WADIDAWSER,Vend HQ,,Cash Rounding,SA,NORMAL,"0160"
23731655,HAILZONE,125016,"110013",AlQurashi-KSA,Vend,Vend Invoice,"1",Bank Charge,HAILZONE,Vend HQ,,Cash Rounding,SA,NORMAL,"1203"
23731656,Mrsool,45015,"110015",AlQurashi-KSA,Vend,Vend Invoice,"1",Bank Charge,HAILZONE,Vend HQ,,Cash Rounding,SA,MRSOOL,"1203"
23731657,Hungerstation,45014,"110014",AlQurashi-KSA,Vend,Vend Invoice,"1",Bank Charge,HAILZONE,Vend HQ,,Cash Rounding,SA,HUNGERSTATION,"1203"
23731658,Tabby Saudi For communication and IT,50011,"110016",AlQurashi-KSA,Vend,Vend Invoice,"1",Bank Charge,HAILZONE,Vend HQ,,Cash Rounding,SA,TABBY,"1203"
23731659,Nakhla IT Systems (LLC) Tamara,69011,"110017",AlQurashi-KSA,Vend,Vend Invoice,"1",Bank Charge,HAILZONE,Vend HQ,,Cash Rounding,SA,TAMARA,"1203"
23731660,Tabby Saudi For communication and IT,50011,"114017",AlQurashi-KSA,Vend,Vend Invoice,"1",Bank Charge,MURJANJED,Vend HQ,,Cash Rounding,SA,TABBY,"0239"
23731661,Hungerstation,45014,"114015",AlQurashi-KSA,Vend,Vend Invoice,"1",Bank Charge,MURJANJED,Vend HQ,,Cash Rounding,SA,HUNGERSTATION,"0239"
23731662,Mrsool,45015,"114016",AlQurashi-KSA,Vend,Vend Invoice,"1",Bank Charge,MURJANJED,Vend HQ,,Cash Rounding,SA,MRSOOL,"0239"
23731663,MURJANJED,131015,"114014",AlQurashi-KSA,Vend,Vend Invoice,"1",Bank Charge,MURJANJED,Vend HQ,,Cash Rounding,SA,NORMAL,"0239"
23731664,Nakhla IT Systems (LLC) Tamara,69011,"114018",AlQurashi-KSA,Vend,Vend Invoice,"1",Bank Charge,MURJANJED,Vend HQ,,Cash Rounding,SA,TAMARA,"0239"
23731700,JEDMUSADIA,140019,"123038",AlQurashi-KSA,Vend,Vend Invoice,"1",Bank Charge,JEDMUSADIA,Vend HQ,,Cash Rounding,SA,NORMAL,"0245"
23731701,Nakhla IT Systems (LLC) Tamara,69011,"123042",AlQurashi-KSA,Vend,Vend Invoice,"1",Bank Charge,JEDMUSADIA,Vend HQ,,Cash Rounding,SA,TAMARA,"0245"
23731702,Tabby Saudi For communication and IT,50011,"123041",AlQurashi-KSA,Vend,Vend Invoice,"1",Bank Charge,JEDMUSADIA,Vend HQ,,Cash Rounding,SA,TABBY,"0245"
23731703,Hungerstation,45014,"123039",AlQurashi-KSA,Vend,Vend Invoice,"1",Bank Charge,JEDMUSADIA,Vend HQ,,Cash Rounding,SA,HUNGERSTATION,"0245"
23731704,Mrsool,45015,"123040",AlQurashi-KSA,Vend,Vend Invoice,"1",Bank Charge,JEDMUSADIA,Vend HQ,,Cash Rounding,SA,MRSOOL,"0245"
23731720,DMMMARINA,141023,"124054",AlQurashi-KSA,Vend,Vend Invoice,"1",Bank Charge,DMMMARINA,Vend HQ,,Cash Rounding,SA,NORMAL,"0708"
23731721,Nakhla IT Systems (LLC) Tamara,69011,"124058",AlQurashi-KSA,Vend,Vend Invoice,"1",Bank Charge,DMMMARINA,Vend HQ,,Cash Rounding,SA,TAMARA,"0708"
23731722,Tabby Saudi For communication and IT,50011,"124057",AlQurashi-KSA,Vend,Vend Invoice,"1",Bank Charge,DMMMARINA,Vend HQ,,Cash Rounding,SA,TABBY,"0708"
23731723,Hungerstation,45014,"124055",AlQurashi-KSA,Vend,Vend Invoice,"1",Bank Charge,DMMMARINA,Vend HQ,,Cash Rounding,SA,HUNGERSTATION,"0708"
23731724,Mrsool,45015,"124056",AlQurashi-KSA,Vend,Vend Invoice,"1",Bank Charge,DMMMARINA,Vend HQ,,Cash Rounding,SA,MRSOOL,"0708"
23731748,Nakhla IT Systems (LLC) Tamara,69011,"124078",AlQurashi-KSA,Vend,Vend Invoice,"1",Bank Charge,JEDQURAISH,Vend HQ,,Cash Rounding,SA,TAMARA,"0243"
23731747,Tabby Saudi For communication and IT,50011,"124077",AlQurashi-KSA,Vend,Vend Invoice,"1",Bank Charge,JEDQURAISH,Vend HQ,,Cash Rounding,SA,TABBY,"0243"
23731746,Hungerstation,45014,"124075",AlQurashi-KSA,Vend,Vend Invoice,"1",Bank Charge,JEDQURAISH,Vend HQ,,Cash Rounding,SA,HUNGERSTATION,"0243"
23731745,Mrsool,45015,"124076",AlQurashi-KSA,Vend,Vend Invoice,"1",Bank Charge,JEDQURAISH,Vend HQ,,Cash Rounding,SA,MRSOOL,"0243"
23731744,JEDQURAISH,141027,"124074",AlQurashi-KSA,Vend,Vend Invoice,"1",Bank Charge,JEDQURAISH,Vend HQ,,Cash Rounding,SA,NORMAL,"0243"
23731763,Nakhla IT Systems (LLC) Tamara,69011,"129072",AlQurashi-KSA,Vend,Vend Invoice,"1",Bank Charge,TAIFTERAML,Vend HQ,,Cash Rounding,SA,TAMARA,"1008"
23731762,Tabby Saudi For communication and IT,50011,"129071",AlQurashi-KSA,Vend,Vend Invoice,"1",Bank Charge,TAIFTERAML,Vend HQ,,Cash Rounding,SA,TABBY,"1008"
23731761,Hungerstation,45014,"129069",AlQurashi-KSA,Vend,Vend Invoice,"1",Bank Charge,TAIFTERAML,Vend HQ,,Cash Rounding,SA,HUNGERSTATION,"1008"
23731760,Mrsool,45015,"129070",AlQurashi-KSA,Vend,Vend Invoice,"1",Bank Charge,TAIFTERAML,Vend HQ,,Cash Rounding,SA,MRSOOL,"1008"
23731759,TAIFTERAML,145021,"129068",AlQurashi-KSA,Vend,Vend Invoice,"1",Bank Charge,TAIFTERAML,Vend HQ,,Cash Rounding,SA,NORMAL,"1008"
23731798,Mrsool,45015,"124046",AlQurashi-KSA,Vend,Vend Invoice,"1",Bank Charge,MTHNBOTHAM,Vend HQ,,Cash Rounding,SA,MRSOOL,"1105"
23731797,Nakhla IT Systems (LLC) Tamara,69011,"124048",AlQurashi-KSA,Vend,Vend Invoice,"1",Bank Charge,MTHNBOTHAM,Vend HQ,,Cash Rounding,SA,TAMARA,"1105"
23731796,Tabby Saudi For communication and IT,50011,"124047",AlQurashi-KSA,Vend,Vend Invoice,"1",Bank Charge,MTHNBOTHAM,Vend HQ,,Cash Rounding,SA,TABBY,"1105"
23731795,Hungerstation,45014,"124045",AlQurashi-KSA,Vend,Vend Invoice,"1",Bank Charge,MTHNBOTHAM,Vend HQ,,Cash Rounding,SA,HUNGERSTATION,"1105"
23731794,MTHNBOTHAM,141021,"124044",AlQurashi-KSA,Vend,Vend Invoice,"1",Bank Charge,MTHNBOTHAM,Vend HQ,,Cash Rounding,SA,NORMAL,"1105"
23731793,Mrsool,45015,"124051",AlQurashi-KSA,Vend,Vend Invoice,"1",Bank Charge,KHOBRRASHD,Vend HQ,,Cash Rounding,SA,MRSOOL,"0404"
23731792,Nakhla IT Systems (LLC) Tamara,69011,"124053",AlQurashi-KSA,Vend,Vend Invoice,"1",Bank Charge,KHOBRRASHD,Vend HQ,,Cash Rounding,SA,TAMARA,"0404"
677,Hungerstation,45014,"31074",AlQurashi-KSA,Vend,Vend Invoice,"1",Bank Charge,EXBSA,Vend HQ,,Cash Rounding,SA,HUNGERSTATION,"0113"
678,Exhibition-SA,55012,"39004",AlQurashi-KSA,Vend,Vend Invoice,"1",Bank Charge,EXBSA,Vend HQ,,Cash Rounding,SA,NORMAL,"0113"
681,Mrsool,45015,"31093",AlQurashi-KSA,Vend,Vend Invoice,"1",Bank Charge,GRMALLHAIL,Vend HQ,,Cash Rounding,SA,MRSOOL,"0113"
682,Hungerstation,45014,"31074",AlQurashi-KSA,Vend,Vend Invoice,"1",Bank Charge,GRMALLHAIL,Vend HQ,,Cash Rounding,SA,HUNGERSTATION,"0113"
683,AlOthaim Mall Hail,57013,"41005",AlQurashi-KSA,Vend,Vend Invoice,"1",Bank Charge,GRMALLHAIL,Vend HQ,,Cash Rounding,SA,NORMAL,"0113"
684,Mrsool,45015,"31093",AlQurashi-KSA,Vend,Vend Invoice,"1",Bank Charge,RABWA,Vend HQ,,Cash Rounding,SA,MRSOOL,"0113"
685,Hungerstation,45014,"31074",AlQurashi-KSA,Vend,Vend Invoice,"1",Bank Charge,RABWA,Vend HQ,,Cash Rounding,SA,HUNGERSTATION,"0113"
686,AlOthaim Mall Rabwa,57014,"41006",AlQurashi-KSA,Vend,Vend Invoice,"1",Bank Charge,RABWA,Vend HQ,,Cash Rounding,SA,NORMAL,"0113"
687,Mrsool,45015,"31093",AlQurashi-KSA,Vend,Vend Invoice,"1",Bank Charge,ARARMALL,Vend HQ,,Cash Rounding,SA,MRSOOL,"0113"
688,Hungerstation,45014,"31074",AlQurashi-KSA,Vend,Vend Invoice,"1",Bank Charge,ARARMALL,Vend HQ,,Cash Rounding,SA,HUNGERSTATION,"0113"
689,Arar Mall,57015,"41007",AlQurashi-KSA,Vend,Vend Invoice,"1",Bank Charge,ARARMALL,Vend HQ,,Cash Rounding,SA,NORMAL,"0113"
690,Mrsool,45015,"31093",AlQurashi-KSA,Vend,Vend Invoice,"1",Bank Charge,EXBSA02,Vend HQ,,Cash Rounding,SA,MRSOOL,"0113"
691,Hungerstation,45014,"31074",AlQurashi-KSA,Vend,Vend Invoice,"1",Bank Charge,EXBSA02,Vend HQ,,Cash Rounding,SA,HUNGERSTATION,"0113"
692,Exhibition Jed,57012,"41004",AlQurashi-KSA,Vend,Vend Invoice,"1",Bank Charge,EXBSA02,Vend HQ,,Cash Rounding,SA,NORMAL,"0113"
694,Granada Mall,30011,"23004",AlQurashi-KSA,Vend,Vend Invoice,"1",Bank Charge,GRANADA,Vend HQ,,Cash Rounding,SA,NORMAL,"0110"
695,Hungerstation,45014,"31091",AlQurashi-KSA,Vend,Vend Invoice,"1",Bank Charge,DANA,Vend HQ,,Cash Rounding,SA,HUNGERSTATION,"1701"
696,Hungerstation,45014,"31070",AlQurashi-KSA,Vend,Vend Invoice,"1",Bank Charge,FLAMINGO,Vend HQ,,Cash Rounding,SA,HUNGERSTATION,"0205"
697,Hungerstation,45014,"31089",AlQurashi-KSA,Vend,Vend Invoice,"1",Bank Charge,GRANADA,Vend HQ,,Cash Rounding,SA,HUNGERSTATION,"0110"
698,Hungerstation,45014,"31071",AlQurashi-KSA,Vend,Vend Invoice,"1",Bank Charge,HAIFAA,Vend HQ,,Cash Rounding,SA,HUNGERSTATION,"0209"
699,Hungerstation,45014,"31078",AlQurashi-KSA,Vend,Vend Invoice,"1",Bank Charge,JURIMALL,Vend HQ,,Cash Rounding,SA,HUNGERSTATION,"1001"
700,Hungerstation,45014,"31085",AlQurashi-KSA,Vend,Vend Invoice,"1",Bank Charge,KADI,Vend HQ,,Cash Rounding,SA,HUNGERSTATION,"1301"
701,Hungerstation,45014,"31056",AlQurashi-KSA,Vend,Vend Invoice,"1",Bank Charge,KHERAIS,Vend HQ,,Cash Rounding,SA,HUNGERSTATION,"0107"
702,Hungerstation,45014,"31053",AlQurashi-KSA,Vend,Vend Invoice,"1",Bank Charge,MAHMAL,Vend HQ,,Cash Rounding,SA,HUNGERSTATION,"0204"
703,Hungerstation,45014,"31086",AlQurashi-KSA,Vend,Vend Invoice,"1",Bank Charge,MAKKAH,Vend HQ,,Cash Rounding,SA,HUNGERSTATION,"1401"
704,Hungerstation,45014,"31090",AlQurashi-KSA,Vend,Vend Invoice,"1",Bank Charge,MEDAD,Vend HQ,,Cash Rounding,SA,HUNGERSTATION,"0103"
705,Hungerstation,45014,"31088",AlQurashi-KSA,Vend,Vend Invoice,"1",Bank Charge,NOUR,Vend HQ,,Cash Rounding,SA,HUNGERSTATION,"0302"
706,Hungerstation,45014,"31049",AlQurashi-KSA,Vend,Vend Invoice,"1",Bank Charge,TABOUK,Vend HQ,,Cash Rounding,SA,HUNGERSTATION,"1501"
707,Hungerstation,45014,"31064",AlQurashi-KSA,Vend,Vend Invoice,"1",Bank Charge,REDSEA,Vend HQ,,Cash Rounding,SA,HUNGERSTATION,"0202"
708,Hungerstation,45014,"31076",AlQurashi-KSA,Vend,Vend Invoice,"1",Bank Charge,RYDGALLER,Vend HQ,,Cash Rounding,SA,HUNGERSTATION,"0102"
709,Hungerstation,45014,"31061",AlQurashi-KSA,Vend,Vend Invoice,"1",Bank Charge,SALAMAH,Vend HQ,,Cash Rounding,SA,HUNGERSTATION,"1201"
710,Hungerstation,45014,"31077",AlQurashi-KSA,Vend,Vend Invoice,"1",Bank Charge,SALAMJED,Vend HQ,,Cash Rounding,SA,HUNGERSTATION,"0208"
711,Hungerstation,45014,"31051",AlQurashi-KSA,Vend,Vend Invoice,"1",Bank Charge,TAHLIA,Vend HQ,,Cash Rounding,SA,HUNGERSTATION,"0201"
712,Hungerstation,45014,"31058",AlQurashi-KSA,Vend,Vend Invoice,"1",Bank Charge,TALAMALL,Vend HQ,,Cash Rounding,SA,HUNGERSTATION,"0106"
713,Hungerstation,45014,"31050",AlQurashi-KSA,Vend,Vend Invoice,"1",Bank Charge,TAWAREN,Vend HQ,,Cash Rounding,SA,HUNGERSTATION,"0101"
714,Hungerstation,45014,"31052",AlQurashi-KSA,Vend,Vend Invoice,"1",Bank Charge,WESTAVENUE,Vend HQ,,Cash Rounding,SA,HUNGERSTATION,"0702"
715,Hungerstation,45014,"31068",AlQurashi-KSA,Vend,Vend Invoice,"1",Bank Charge,YASMEEN,Vend HQ,,Cash Rounding,SA,HUNGERSTATION,"0207"
718,Ryd Wadi Laban,68011,"49003",AlQurashi-KSA,Vend,Vend Invoice,"1",Bank Charge,WADILABAN,Vend HQ,,Cash Rounding,SA,NORMAL,"0115"
719,Rashid Abha,68012,"49004",AlQurashi-KSA,Vend,Vend Invoice,"1",Bank Charge,RASHIDABHA,Vend HQ,,Cash Rounding,SA,NORMAL,"0502"
720,Rashid Jizan,68013,"49005",AlQurashi-KSA,Vend,Vend Invoice,"1",Bank Charge,RASHIDJZN,Vend HQ,,Cash Rounding,SA,NORMAL,"1302"
721,Rashid Madinah,68014,"49006",AlQurashi-KSA,Vend,Vend Invoice,"1",Bank Charge,RASHIDMAD,Vend HQ,,Cash Rounding,SA,NORMAL,"0303"
722,Khafji Othaim,68015,"49007",AlQurashi-KSA,Vend,Vend Invoice,"1",Bank Charge,KHAFOTHAIM,Vend HQ,,Cash Rounding,SA,NORMAL,"0802"
723,Hafral Batin,68016,"49008",AlQurashi-KSA,Vend,Vend Invoice,"1",Bank Charge,HAFRBATIN,Vend HQ,,Cash Rounding,SA,NORMAL,"0803"
724,Buraida Othaim,68017,"49009",AlQurashi-KSA,Vend,Vend Invoice,"1",Bank Charge,BUROTHAIM,Vend HQ,,Cash Rounding,SA,NORMAL,"1103"
725,Dam Othaim,68018,"49010",AlQurashi-KSA,Vend,Vend Invoice,"1",Bank Charge,DAMMOTHAIM,Vend HQ,,Cash Rounding,SA,NORMAL,"0703"
726,Village Hamat,68019,"49011",AlQurashi-KSA,Vend,Vend Invoice,"1",Bank Charge,VILLAGEHMT,Vend HQ,,Cash Rounding,SA,NORMAL,"0215"
727,Park Hamat,68020,"49012",AlQurashi-KSA,Vend,Vend Invoice,"1",Bank Charge,PARKHMT,Vend HQ,,Cash Rounding,SA,NORMAL,"1002"
728,NAKHDMM,68021,"49013",AlQurashi-KSA,Vend,Vend Invoice,"1",Bank Charge,NAKHDMM,Vend HQ,,Cash Rounding,SA,NORMAL,"0704"
1644,Tabby Saudi For communication and IT,50011,"51108",AlQurashi-KSA,Vend,Vend Invoice,"1",Bank Charge,RYDGALLER,Vend HQ,,Cash Rounding,SA,TABBY,"0104"
23731578,Tabby Saudi For communication and IT,50011,"100017",AlQurashi-KSA,Vend,Vend Invoice,"1",Bank Charge,KHMSBNDWOD,Vend HQ,,Cash Rounding,SA,TABBY,"0509"
23731579,KHMSBNDWOD,116014,"100007",AlQurashi-KSA,Vend,Vend Invoice,"1",Bank Charge,KHMSBNDWOD,Vend HQ,,Cash Rounding,SA,NORMAL,"0509"
23731580,Mrsool,45015,"100028",AlQurashi-KSA,Vend,Vend Invoice,"1",Bank Charge,ASEERGUNAI,Vend HQ,,Cash Rounding,SA,Mrsool,"0510"
23731581,Nakhla IT Systems (LLC) Tamara,69011,"100023",AlQurashi-KSA,Vend,Vend Invoice,"1",Bank Charge,ASEERGUNAI,Vend HQ,,Cash Rounding,SA,TAMARA,"0510"
23731582,Hungerstation,45014,"100013",AlQurashi-KSA,Vend,Vend Invoice,"1",Bank Charge,ASEERGUNAI,Vend HQ,,Cash Rounding,SA,HUNGERSTATION,"0510"
23731583,Tabby Saudi For communication and IT,50011,"100018",AlQurashi-KSA,Vend,Vend Invoice,"1",Bank Charge,ASEERGUNAI,Vend HQ,,Cash Rounding,SA,TABBY,"0510"
23731584,ASEERGUNAIM,116015,"100008",AlQurashi-KSA,Vend,Vend Invoice,"1",Bank Charge,ASEERGUNAI,Vend HQ,,Cash Rounding,SA,NORMAL,"0510"
23731585,ALARIDAH,116012,"100005",AlQurashi-KSA,Vend,Vend Invoice,"1",Bank Charge,ALARIDAH,Vend HQ,,Cash Rounding,SA,NORMAL,"1305"
23731586,Mrsool,45015,"100025",AlQurashi-KSA,Vend,Vend Invoice,"1",Bank Charge,ALARIDAH,Vend HQ,,Cash Rounding,SA,Mrsool,"1305"
23731587,Tabby Saudi For communication and IT,50011,"100015",AlQurashi-KSA,Vend,Vend Invoice,"1",Bank Charge,ALARIDAH,Vend HQ,,Cash Rounding,SA,TABBY,"1305"
23731588,Hungerstation,45014,"100010",AlQurashi-KSA,Vend,Vend Invoice,"1",Bank Charge,ALARIDAH,Vend HQ,,Cash Rounding,SA,HUNGERSTATION,"1305"
23731589,Nakhla IT Systems (LLC) Tamara,69011,"100020",AlQurashi-KSA,Vend,Vend Invoice,"1",Bank Charge,ALARIDAH,Vend HQ,,Cash Rounding,SA,TAMARA,"1305"
23731590,MAJARDAH,116013,"100006",AlQurashi-KSA,Vend,Vend Invoice,"1",Bank Charge,MAJARDAH,Vend HQ,,Cash Rounding,SA,NORMAL,"0508"
23731591,Mrsool,45015,"100026",AlQurashi-KSA,Vend,Vend Invoice,"1",Bank Charge,MAJARDAH,Vend HQ,,Cash Rounding,SA,Mrsool,"0508"
23731592,Tabby Saudi For communication and IT,50011,"100016",AlQurashi-KSA,Vend,Vend Invoice,"1",Bank Charge,MAJARDAH,Vend HQ,,Cash Rounding,SA,TABBY,"0508"
23731593,Hungerstation,45014,"100011",AlQurashi-KSA,Vend,Vend Invoice,"1",Bank Charge,MAJARDAH,Vend HQ,,Cash Rounding,SA,HUNGERSTATION,"0508"
23731594,Nakhla IT Systems (LLC) Tamara,69011,"100021",AlQurashi-KSA,Vend,Vend Invoice,"1",Bank Charge,MAJARDAH,Vend HQ,,Cash Rounding,SA,TAMARA,"0508"
23731595,UWALKJED,116016,"100009",AlQurashi-KSA,Vend,Vend Invoice,"1",Bank Charge,UWALKJED,Vend HQ,,Cash Rounding,SA,NORMAL,"0230"
23731596,Mrsool,45015,"100029",AlQurashi-KSA,Vend,Vend Invoice,"1",Bank Charge,UWALKJED,Vend HQ,,Cash Rounding,SA,Mrsool,"0230"
23731597,Tabby Saudi For communication and IT,50011,"100019",AlQurashi-KSA,Vend,Vend Invoice,"1",Bank Charge,UWALKJED,Vend HQ,,Cash Rounding,SA,TABBY,"0230"
23731598,Hungerstation,45014,"100014",AlQurashi-KSA,Vend,Vend Invoice,"1",Bank Charge,UWALKJED,Vend HQ,,Cash Rounding,SA,HUNGERSTATION,"0230"
23731599,Nakhla IT Systems (LLC) Tamara,69011,"100024",AlQurashi-KSA,Vend,Vend Invoice,"1",Bank Charge,UWALKJED,Vend HQ,,Cash Rounding,SA,TAMARA,"0230"
2671,Nakhla IT Systems (LLC) Tamara,69011,"52033",AlQurashi-KSA,Vend,Vend Invoice,"1",Bank Charge,MAKTOWER,Vend HQ,,Cash Rounding,SA,TAMARA,"1402"
136681,PANORAMA,77011,"59003",AlQurashi-KSA,Vend,Vend Invoice,"1",Bank Charge,PANORAMA,Vend HQ,,Cash Rounding,SA,NORMAL,"1013"
236681,Hungerstation,45014,"64003",AlQurashi-KSA,Vend,Vend Invoice,"1",Bank Charge,PANORAMA,Vend HQ,,Cash Rounding,SA,HUNGERSTATION,"1013"
156681,Tabby Saudi For communication and IT,50011,"64004",AlQurashi-KSA,Vend,Vend Invoice,"1",Bank Charge,PANORAMA,Vend HQ,,Cash Rounding,SA,TABBY,"1013"
166681,Nakhla IT Systems (LLC) Tamara,69011,"64005",AlQurashi-KSA,Vend,Vend Invoice,"1",Bank Charge,PANORAMA,Vend HQ,,Cash Rounding,SA,TAMARA,"1013"
176011,Mrsool,45015,"64006",AlQurashi-KSA,Vend,Vend Invoice,"1",Bank Charge,PANORAMA,Vend HQ,,Cash Rounding,SA,MRSOOL,"1013"
136682,HIJABMALL,81011,"67003",AlQurashi-KSA,Vend,Vend Invoice,"1",Bank Charge,HIJABMALL,Vend HQ,,Cash Rounding,SA,NORMAL,"1013"
236682,Hungerstation,45014,"67007",AlQurashi-KSA,Vend,Vend Invoice,"1",Bank Charge,HIJABMALL,Vend HQ,,Cash Rounding,SA,HUNGERSTATION,"1013"
156682,Tabby Saudi For communication and IT,50011,"67009",AlQurashi-KSA,Vend,Vend Invoice,"1",Bank Charge,HIJABMALL,Vend HQ,,Cash Rounding,SA,TABBY,"1013"
166682,Nakhla IT Systems (LLC) Tamara,69011,"67011",AlQurashi-KSA,Vend,Vend Invoice,"1",Bank Charge,HIJABMALL,Vend HQ,,Cash Rounding,SA,TAMARA,"1013"
176012,Mrsool,45015,"67013",AlQurashi-KSA,Vend,Vend Invoice,"1",Bank Charge,HIJABMALL,Vend HQ,,Cash Rounding,SA,MRSOOL,"1013"
136683,HILTONMAK,81012,"67005",AlQurashi-KSA,Vend,Vend Invoice,"1",Bank Charge,HILTONMAK,Vend HQ,,Cash Rounding,SA,NORMAL,"1013"
236683,Hungerstation,45014,"67008",AlQurashi-KSA,Vend,Vend Invoice,"1",Bank Charge,HILTONMAK,Vend HQ,,Cash Rounding,SA,HUNGERSTATION,"1013"
156683,Tabby Saudi For communication and IT,50011,"67010",AlQurashi-KSA,Vend,Vend Invoice,"1",Bank Charge,HILTONMAK,Vend HQ,,Cash Rounding,SA,TABBY,"1013"
166683,Nakhla IT Systems (LLC) Tamara,69011,"67012",AlQurashi-KSA,Vend,Vend Invoice,"1",Bank Charge,HILTONMAK,Vend HQ,,Cash Rounding,SA,TAMARA,"1013"
176013,Mrsool,45015,"67014",AlQurashi-KSA,Vend,Vend Invoice,"1",Bank Charge,HILTONMAK,Vend HQ,,Cash Rounding,SA,MRSOOL,"1013"
236685,KHMSAVENUE,87012,"73003",AlQurashi-KSA,Vend,Vend Invoice,"1",Bank Charge,KHMSAVENUE,Vend HQ,,Cash Rounding,SA,NORMAL,"503"
236686,Hungerstation,45014,"73004",AlQurashi-KSA,Vend,Vend Invoice,"1",Bank Charge,KHMSAVENUE,Vend HQ,,Cash Rounding,SA,HUNGERSTATION,"503"
236687,Mrsool,45015,"73005",AlQurashi-KSA,Vend,Vend Invoice,"1",Bank Charge,KHMSAVENUE,Vend HQ,,Cash Rounding,SA,MRSOOL,"503"
236688,Tabby Saudi For communication and IT,50011,"73006",AlQurashi-KSA,Vend,Vend Invoice,"1",Bank Charge,KHMSAVENUE,Vend HQ,,Cash Rounding,SA,TABBY,"503"
236689,Nakhla IT Systems (LLC) Tamara,69011,"73007",AlQurashi-KSA,Vend,Vend Invoice,"1",Bank Charge,KHMSAVENUE,Vend HQ,,Cash Rounding,SA,TAMARA,"503"
236690,MAKSHOUQ,87013,"73008",AlQurashi-KSA,Vend,Vend Invoice,"1",Bank Charge,MAKSHOUQ,Vend HQ,,Cash Rounding,SA,NORMAL,"1405"
236691,Hungerstation,45014,"73031",AlQurashi-KSA,Vend,Vend Invoice,"1",Bank Charge,MAKSHOUQ,Vend HQ,,Cash Rounding,SA,HUNGERSTATION,"1405"
236692,Mrsool,45015,"73054",AlQurashi-KSA,Vend,Vend Invoice,"1",Bank Charge,MAKSHOUQ,Vend HQ,,Cash Rounding,SA,MRSOOL,"1405"
236765,MAKDNACNTR,87029,"73023",AlQurashi-KSA,Vend,Vend Invoice,"1",Bank Charge,MAKDNACNTR,Vend HQ,,Cash Rounding,SA,NORMAL,"1406"
236766,Hungerstation,45014,"73046",AlQurashi-KSA,Vend,Vend Invoice,"1",Bank Charge,MAKDNACNTR,Vend HQ,,Cash Rounding,SA,HUNGERSTATION,"1406"
236767,Mrsool,45015,"73069",AlQurashi-KSA,Vend,Vend Invoice,"1",Bank Charge,MAKDNACNTR,Vend HQ,,Cash Rounding,SA,MRSOOL,"1406"
236768,Tabby Saudi For communication and IT,50011,"73093",AlQurashi-KSA,Vend,Vend Invoice,"1",Bank Charge,MAKDNACNTR,Vend HQ,,Cash Rounding,SA,TABBY,"1406"
236769,Nakhla IT Systems (LLC) Tamara,69011,"73116",AlQurashi-KSA,Vend,Vend Invoice,"1",Bank Charge,MAKDNACNTR,Vend HQ,,Cash Rounding,SA,TAMARA,"1406"
236770,ABHLVNDAPK,87030,"73024",AlQurashi-KSA,Vend,Vend Invoice,"1",Bank Charge,ABHLVNDAPK,Vend HQ,,Cash Rounding,SA,NORMAL,"505"
236771,Hungerstation,45014,"73047",AlQurashi-KSA,Vend,Vend Invoice,"1",Bank Charge,ABHLVNDAPK,Vend HQ,,Cash Rounding,SA,HUNGERSTATION,"505"
236772,Mrsool,45015,"73070",AlQurashi-KSA,Vend,Vend Invoice,"1",Bank Charge,ABHLVNDAPK,Vend HQ,,Cash Rounding,SA,MRSOOL,"505"
236773,Tabby Saudi For communication and IT,50011,"73094",AlQurashi-KSA,Vend,Vend Invoice,"1",Bank Charge,ABHLVNDAPK,Vend HQ,,Cash Rounding,SA,TABBY,"505"
236774,Nakhla IT Systems (LLC) Tamara,69011,"73117",AlQurashi-KSA,Vend,Vend Invoice,"1",Bank Charge,ABHLVNDAPK,Vend HQ,,Cash Rounding,SA,TAMARA,"505"
236775,MAKMYANYRD,87031,"73025",AlQurashi-KSA,Vend,Vend Invoice,"1",Bank Charge,MAKMYANYRD,Vend HQ,,Cash Rounding,SA,NORMAL,"1407"
236776,Hungerstation,45014,"73048",AlQurashi-KSA,Vend,Vend Invoice,"1",Bank Charge,MAKMYANYRD,Vend HQ,,Cash Rounding,SA,HUNGERSTATION,"1407"
236777,Mrsool,45015,"73071",AlQurashi-KSA,Vend,Vend Invoice,"1",Bank Charge,MAKMYANYRD,Vend HQ,,Cash Rounding,SA,MRSOOL,"1407"
236778,Tabby Saudi For communication and IT,50011,"73095",AlQurashi-KSA,Vend,Vend Invoice,"1",Bank Charge,MAKMYANYRD,Vend HQ,,Cash Rounding,SA,TABBY,"1407"
236779,Nakhla IT Systems (LLC) Tamara,69011,"73118",AlQurashi-KSA,Vend,Vend Invoice,"1",Bank Charge,MAKMYANYRD,Vend HQ,,Cash Rounding,SA,TAMARA,"1407"
236780,MEDDARIMAN,87032,"73026",AlQurashi-KSA,Vend,Vend Invoice,"1",Bank Charge,MEDDARIMAN,Vend HQ,,Cash Rounding,SA,NORMAL,"306"
236781,Hungerstation,45014,"73049",AlQurashi-KSA,Vend,Vend Invoice,"1",Bank Charge,MEDDARIMAN,Vend HQ,,Cash Rounding,SA,HUNGERSTATION,"306"
236782,Mrsool,45015,"73072",AlQurashi-KSA,Vend,Vend Invoice,"1",Bank Charge,MEDDARIMAN,Vend HQ,,Cash Rounding,SA,MRSOOL,"306"
236783,Tabby Saudi For communication and IT,50011,"73096",AlQurashi-KSA,Vend,Vend Invoice,"1",Bank Charge,MEDDARIMAN,Vend HQ,,Cash Rounding,SA,TABBY,"306"
236784,Nakhla IT Systems (LLC) Tamara,69011,"73119",AlQurashi-KSA,Vend,Vend Invoice,"1",Bank Charge,MEDDARIMAN,Vend HQ,,Cash Rounding,SA,TAMARA,"306"
236785,MEDALHIJRA,87033,"73027",AlQurashi-KSA,Vend,Vend Invoice,"1",Bank Charge,MEDALHIJRA,Vend HQ,,Cash Rounding,SA,NORMAL,"309"
236786,Hungerstation,45014,"73050",AlQurashi-KSA,Vend,Vend Invoice,"1",Bank Charge,MEDALHIJRA,Vend HQ,,Cash Rounding,SA,HUNGERSTATION,"309"
236787,Mrsool,45015,"73073",AlQurashi-KSA,Vend,Vend Invoice,"1",Bank Charge,MEDALHIJRA,Vend HQ,,Cash Rounding,SA,MRSOOL,"309"
236788,Tabby Saudi For communication and IT,50011,"73097",AlQurashi-KSA,Vend,Vend Invoice,"1",Bank Charge,MEDALHIJRA,Vend HQ,,Cash Rounding,SA,TABBY,"309"
236789,Nakhla IT Systems (LLC) Tamara,69011,"73120",AlQurashi-KSA,Vend,Vend Invoice,"1",Bank Charge,MEDALHIJRA,Vend HQ,,Cash Rounding,SA,TAMARA,"309"
236790,MEDMVNPICK,87034,"73028",AlQurashi-KSA,Vend,Vend Invoice,"1",Bank Charge,MEDMVNPICK,Vend HQ,,Cash Rounding,SA,NORMAL,"307"
236791,Hungerstation,45014,"73051",AlQurashi-KSA,Vend,Vend Invoice,"1",Bank Charge,MEDMVNPICK,Vend HQ,,Cash Rounding,SA,HUNGERSTATION,"307"
236792,Mrsool,45015,"73074",AlQurashi-KSA,Vend,Vend Invoice,"1",Bank Charge,MEDMVNPICK,Vend HQ,,Cash Rounding,SA,MRSOOL,"307"
236793,Tabby Saudi For communication and IT,50011,"73098",AlQurashi-KSA,Vend,Vend Invoice,"1",Bank Charge,MEDMVNPICK,Vend HQ,,Cash Rounding,SA,TABBY,"307"
236794,Nakhla IT Systems (LLC) Tamara,69011,"73121",AlQurashi-KSA,Vend,Vend Invoice,"1",Bank Charge,MEDMVNPICK,Vend HQ,,Cash Rounding,SA,TAMARA,"307"
236795,RYDALYAPLZ,87035,"73029",AlQurashi-KSA,Vend,Vend Invoice,"1",Bank Charge,RYDALYAPLZ,Vend HQ,,Cash Rounding,SA,NORMAL,"125"
236796,Hungerstation,45014,"73052",AlQurashi-KSA,Vend,Vend Invoice,"1",Bank Charge,RYDALYAPLZ,Vend HQ,,Cash Rounding,SA,HUNGERSTATION,"125"
236797,Mrsool,45015,"73075",AlQurashi-KSA,Vend,Vend Invoice,"1",Bank Charge,RYDALYAPLZ,Vend HQ,,Cash Rounding,SA,MRSOOL,"125"
236798,Tabby Saudi For communication and IT,50011,"73099",AlQurashi-KSA,Vend,Vend Invoice,"1",Bank Charge,RYDALYAPLZ,Vend HQ,,Cash Rounding,SA,TABBY,"125"
236799,Nakhla IT Systems (LLC) Tamara,69011,"73122",AlQurashi-KSA,Vend,Vend Invoice,"1",Bank Charge,RYDALYAPLZ,Vend HQ,,Cash Rounding,SA,TAMARA,"125"
2366840,SMARTSHRYD,88015,"74004",AlQurashi-KSA,Vend,Vend Invoice,"1",Bank Charge,SMARTSHRYD,Vend HQ,,Cash Rounding,SA,NORMAL,"1405"
2366841,Hungerstation,45014,"74015",AlQurashi-KSA,Vend,Vend Invoice,"1",Bank Charge,SMARTSHRYD,Vend HQ,,Cash Rounding,SA,HUNGERSTATION,"1405"
2366842,Mrsool,45015,"74025",AlQurashi-KSA,Vend,Vend Invoice,"1",Bank Charge,SMARTSHRYD,Vend HQ,,Cash Rounding,SA,MRSOOL,"1405"
2366843,Tabby Saudi For communication and IT,50011,"74035",AlQurashi-KSA,Vend,Vend Invoice,"1",Bank Charge,SMARTSHRYD,Vend HQ,,Cash Rounding,SA,TABBY,"1405"
662,Dana Mall,34011,"32003",AlQurashi-KSA,Vend,Vend Invoice,"1",Bank Charge,DANA,Vend HQ,,Cash Rounding,SA,NORMAL,"1701"
663,Exhibition-SA3,67014,"48005",AlQurashi-KSA,Vend,Vend Invoice,"1",Bank Charge,EXBSA03,Vend HQ,,Cash Rounding,SA,NORMAL,"0110"
664,Exhibition-SA4,67015,"48006",AlQurashi-KSA,Vend,Vend Invoice,"1",Bank Charge,EXBSA04,Vend HQ,,Cash Rounding,SA,NORMAL,"0110"
665,Arab Mall,2001,"1001",AlQurashi-KSA,Vend,Vend Invoice,"1",Bank Charge,ARABMALL,Vend HQ,,Cash Rounding,SA,NORMAL,"0210"
666,Yasmeen Mall,14,"14",AlQurashi-KSA,Vend,Vend Invoice,"1",Bank Charge,YASMEEN,Vend HQ,,Cash Rounding,SA,NORMAL,"0207"
667,Makkah Mall,2002,"1002",AlQurashi-KSA,Vend,Vend Invoice,"1",Bank Charge,MAKKAH,Vend HQ,,Cash Rounding,SA,NORMAL,"1401"
668,Al Ula,45013,"30005",AlQurashi-KSA,Vend,Vend Invoice,"1",Bank Charge,ALULA,Vend HQ,,Cash Rounding,SA,NORMAL,"1502"
669,Mrsool,45015,"31101",AlQurashi-KSA,Vend,Vend Invoice,"1",Bank Charge,MAKTOWER,Vend HQ,,Cash Rounding,SA,MRSOOL,"1402"
670,Makkah Tower,55011,"39003",AlQurashi-KSA,Vend,Vend Invoice,"1",Bank Charge,MAKTOWER,Vend HQ,,Cash Rounding,SA,NORMAL,"1402"
671,Hungerstation,45014,"31086",AlQurashi-KSA,Vend,Vend Invoice,"1",Bank Charge,MAKTOWER,Vend HQ,,Cash Rounding,SA,HUNGERSTATION,"1402"
673,Mrsool,45015,"31093",AlQurashi-KSA,Vend,Vend Invoice,"1",Bank Charge,ONAIZAH,Vend HQ,,Cash Rounding,SA,MRSOOL,"1102"
674,Hungerstation,45014,"31074",AlQurashi-KSA,Vend,Vend Invoice,"1",Bank Charge,ONAIZAH,Vend HQ,,Cash Rounding,SA,HUNGERSTATION,"1102"
675,Onaizah Store,55013,"39005",AlQurashi-KSA,Vend,Vend Invoice,"1",Bank Charge,ONAIZAH,Vend HQ,,Cash Rounding,SA,NORMAL,"1102"
676,Mrsool,45015,"31093",AlQurashi-KSA,Vend,Vend Invoice,"1",Bank Charge,EXBSA,Vend HQ,,Cash Rounding,SA,MRSOOL,"0113"
3668,AJAWEED,72015,"55007",AlQurashi-KSA,Vend,Vend Invoice,"1",Bank Charge,AJAWEED,Vend HQ,,Cash Rounding,SA,NORMAL,"0216"
4614,Hungerstation,45014,"56019",AlQurashi-KSA,Vend,Vend Invoice,"1",Bank Charge,AJAWEED,Vend HQ,,Cash Rounding,SA,HUNGERSTATION,"0216"
5668,Tabby Saudi For communication and IT,50011,"56003",AlQurashi-KSA,Vend,Vend Invoice,"1",Bank Charge,AJAWEED,Vend HQ,,Cash Rounding,SA,TABBY,"0216"
6668,Nakhla IT Systems (LLC) Tamara,69011,"56012",AlQurashi-KSA,Vend,Vend Invoice,"1",Bank Charge,AJAWEED,Vend HQ,,Cash Rounding,SA,TAMARA,"0216"
7601,Mrsool,45015,"56026",AlQurashi-KSA,Vend,Vend Invoice,"1",Bank Charge,AJAWEED,Vend HQ,,Cash Rounding,SA,MRSOOL,"0216"
8668,RYDAVENUE,72016,"55008",AlQurashi-KSA,Vend,Vend Invoice,"1",Bank Charge,RYDAVENUE,Vend HQ,,Cash Rounding,SA,NORMAL,"0116"
9614,Hungerstation,45014,"56020",AlQurashi-KSA,Vend,Vend Invoice,"1",Bank Charge,RYDAVENUE,Vend HQ,,Cash Rounding,SA,HUNGERSTATION,"0116"
10668,Tabby Saudi For communication and IT,50011,"56004",AlQurashi-KSA,Vend,Vend Invoice,"1",Bank Charge,RYDAVENUE,Vend HQ,,Cash Rounding,SA,TABBY,"0116"
11668,Nakhla IT Systems (LLC) Tamara,69011,"56013",AlQurashi-KSA,Vend,Vend Invoice,"1",Bank Charge,RYDAVENUE,Vend HQ,,Cash Rounding,SA,TAMARA,"0116"
12601,Mrsool,45015,"56027",AlQurashi-KSA,Vend,Vend Invoice,"1",Bank Charge,RYDAVENUE,Vend HQ,,Cash Rounding,SA,MRSOOL,"0116"
13668,RYDPARK,72017,"55009",AlQurashi-KSA,Vend,Vend Invoice,"1",Bank Charge,RYDPARK,Vend HQ,,Cash Rounding,SA,NORMAL,"0117"
14614,Hungerstation,45014,"56021",AlQurashi-KSA,Vend,Vend Invoice,"1",Bank Charge,RYDPARK,Vend HQ,,Cash Rounding,SA,HUNGERSTATION,"0117"
15668,Tabby Saudi For communication and IT,50011,"56005",AlQurashi-KSA,Vend,Vend Invoice,"1",Bank Charge,RYDPARK,Vend HQ,,Cash Rounding,SA,TABBY,"0117"
16668,Nakhla IT Systems (LLC) Tamara,69011,"56014",AlQurashi-KSA,Vend,Vend Invoice,"1",Bank Charge,RYDPARK,Vend HQ,,Cash Rounding,SA,TAMARA,"0117"
17601,Mrsool,45015,"56028",AlQurashi-KSA,Vend,Vend Invoice,"1",Bank Charge,RYDPARK,Vend HQ,,Cash Rounding,SA,MRSOOL,"0117"
18668,OBHURMALL,72018,"55010",AlQurashi-KSA,Vend,Vend Invoice,"1",Bank Charge,OBHURMALL,Vend HQ,,Cash Rounding,SA,NORMAL,"0217"
19614,Hungerstation,45014,"56022",AlQurashi-KSA,Vend,Vend Invoice,"1",Bank Charge,OBHURMALL,Vend HQ,,Cash Rounding,SA,HUNGERSTATION,"0217"
20668,Tabby Saudi For communication and IT,50011,"56006",AlQurashi-KSA,Vend,Vend Invoice,"1",Bank Charge,OBHURMALL,Vend HQ,,Cash Rounding,SA,TABBY,"0217"
21668,Nakhla IT Systems (LLC) Tamara,69011,"56015",AlQurashi-KSA,Vend,Vend Invoice,"1",Bank Charge,OBHURMALL,Vend HQ,,Cash Rounding,SA,TAMARA,"0217"
22601,Mrsool,45015,"56029",AlQurashi-KSA,Vend,Vend Invoice,"1",Bank Charge,OBHURMALL,Vend HQ,,Cash Rounding,SA,MRSOOL,"0217"
23668,HAMDANIIYA,72019,"55011",AlQurashi-KSA,Vend,Vend Invoice,"1",Bank Charge,HAMDANIIYA,Vend HQ,,Cash Rounding,SA,NORMAL,"0218"
24614,Hungerstation,45014,"56023",AlQurashi-KSA,Vend,Vend Invoice,"1",Bank Charge,HAMDANIIYA,Vend HQ,,Cash Rounding,SA,HUNGERSTATION,"0218"
25668,Tabby Saudi For communication and IT,50011,"56007",AlQurashi-KSA,Vend,Vend Invoice,"1",Bank Charge,HAMDANIIYA,Vend HQ,,Cash Rounding,SA,TABBY,"0218"
26668,Nakhla IT Systems (LLC) Tamara,69011,"56016",AlQurashi-KSA,Vend,Vend Invoice,"1",Bank Charge,HAMDANIIYA,Vend HQ,,Cash Rounding,SA,TAMARA,"0218"
27601,Mrsool,45015,"56030",AlQurashi-KSA,Vend,Vend Invoice,"1",Bank Charge,HAMDANIIYA,Vend HQ,,Cash Rounding,SA,MRSOOL,"0218"
1366833,RIYADHDST,83017,"69003",AlQurashi-KSA,Vend,Vend Invoice,"1",Bank Charge,RIYADHDST,Vend HQ,,Cash Rounding,SA,NORMAL,"0122"
2366833,Hungerstation,45014,"69005",AlQurashi-KSA,Vend,Vend Invoice,"1",Bank Charge,RIYADHDST,Vend HQ,,Cash Rounding,SA,HUNGERSTATION,"0122"
1566833,Tabby Saudi For communication and IT,50011,"69007",AlQurashi-KSA,Vend,Vend Invoice,"1",Bank Charge,RIYADHDST,Vend HQ,,Cash Rounding,SA,TABBY,"0122"
1666833,Nakhla IT Systems (LLC) Tamara,69011,"69009",AlQurashi-KSA,Vend,Vend Invoice,"1",Bank Charge,RIYADHDST,Vend HQ,,Cash Rounding,SA,TAMARA,"0122"
1760133,Mrsool,45015,"69011",AlQurashi-KSA,Vend,Vend Invoice,"1",Bank Charge,RIYADHDST,Vend HQ,,Cash Rounding,SA,MRSOOL,"0122"
23731784,NJRANCFRNT,147024,"132031",AlQurashi-KSA,Vend,Vend Invoice,"1",Bank Charge,NJRANCFRNT,Vend HQ,,Cash Rounding,SA,NORMAL,"1317"
23731783,Mrsool,45015,"132028",AlQurashi-KSA,Vend,Vend Invoice,"1",Bank Charge,MAKAHMALL2,Vend HQ,,Cash Rounding,SA,MRSOOL,"1417"
23731782,Nakhla IT Systems (LLC) Tamara,69011,"132030",AlQurashi-KSA,Vend,Vend Invoice,"1",Bank Charge,MAKAHMALL2,Vend HQ,,Cash Rounding,SA,TAMARA,"1417"
23731781,Tabby Saudi For communication and IT,69011,"132029",AlQurashi-KSA,Vend,Vend Invoice,"1",Bank Charge,MAKAHMALL2,Vend HQ,,Cash Rounding,SA,TABBY,"1417"
23731780,Hungerstation,50011,"132027",AlQurashi-KSA,Vend,Vend Invoice,"1",Bank Charge,MAKAHMALL2,Vend HQ,,Cash Rounding,SA,HUNGERSTATION,"1417"
23731779,MAKAHMALL2,147023,"132026",AlQurashi-KSA,Vend,Vend Invoice,"1",Bank Charge,MAKAHMALL2,Vend HQ,,Cash Rounding,SA,NORMAL,"1417"
23731813,BAHAAVENUS,156012,"137003",AlQurashi-KSA,Vend,Vend Invoice,"1",Bank Charge,BAHAAVENUS,Vend HQ,,Cash Rounding,SA,NORMAL,"1011"
23731812,Hungerstation,45014,"137004",AlQurashi-KSA,Vend,Vend Invoice,"1",Bank Charge,BAHAAVENUS,Vend HQ,,Cash Rounding,SA,HUNGERSTATION,"1011"
23731811,Tabby Saudi For communication and IT,50011,"137007",AlQurashi-KSA,Vend,Vend Invoice,"1",Bank Charge,BAHAAVENUS,Vend HQ,,Cash Rounding,SA,TABBY,"1011"
23731810,Nakhla IT Systems (LLC) Tamara,69011,"137008",AlQurashi-KSA,Vend,Vend Invoice,"1",Bank Charge,BAHAAVENUS,Vend HQ,,Cash Rounding,SA,TAMARA,"1011"
23731809,Mrsool,45015,"137006",AlQurashi-KSA,Vend,Vend Invoice,"1",Bank Charge,BAHAAVENUS,Vend HQ,,Cash Rounding,SA,MRSOOL,"1011"
23731838,Mrsool,45015,"139041",AlQurashi-KSA,Vend,Vend Invoice,"1",Bank Charge,ABHHIZAMST,Vend HQ,,Cash Rounding,SA,MRSOOL,"0520"
23731837,Nakhla IT Systems (LLC) Tamara,69011,"139043",AlQurashi-KSA,Vend,Vend Invoice,"1",Bank Charge,ABHHIZAMST,Vend HQ,,Cash Rounding,SA,TAMARA,"0520"
23731858,Mrsool,45015,"142005",AlQurashi-KSA,Vend,Vend Invoice,"1",Bank Charge,MAKADANPLZ,Vend HQ,,Cash Rounding,SA,MRSOOL,"1421"
23731857,Nakhla IT Systems (LLC) Tamara,69011,"142007",AlQurashi-KSA,Vend,Vend Invoice,"1",Bank Charge,MAKADANPLZ,Vend HQ,,Cash Rounding,SA,TAMARA,"1421"
23731856,Tabby Saudi For communication and IT,50011,"142006",AlQurashi-KSA,Vend,Vend Invoice,"1",Bank Charge,MAKADANPLZ,Vend HQ,,Cash Rounding,SA,TABBY,"1421"
23731855,Hungerstation,45014,"142004",AlQurashi-KSA,Vend,Vend Invoice,"1",Bank Charge,MAKADANPLZ,Vend HQ,,Cash Rounding,SA,HUNGERSTATION,"1421"
23731854,MAKADANPLZ,161012,"142003",AlQurashi-KSA,Vend,Vend Invoice,"1",Bank Charge,MAKADANPLZ,Vend HQ,,Cash Rounding,SA,NORMAL,"1421"
23731614,ALQASRMALL,123013,"107008",AlQurashi-KSA,Vend,Vend Invoice,"1",Bank Charge,ALQASRMALL,Vend HQ,,Cash Rounding,SA,NORMAL,"145"
23731613,Nakhla IT Systems (LLC) Tamara,69011,"107012",AlQurashi-KSA,Vend,Vend Invoice,"1",Bank Charge,ALQASRMALL,Vend HQ,,Cash Rounding,SA,TAMARA,"145"
23731612,Hungerstation,45014,"107009",AlQurashi-KSA,Vend,Vend Invoice,"1",Bank Charge,ALQASRMALL,Vend HQ,,Cash Rounding,SA,HUNGERSTATION,"145"
23731611,Tabby Saudi For communication and IT,50011,"107011",AlQurashi-KSA,Vend,Vend Invoice,"1",Bank Charge,ALQASRMALL,Vend HQ,,Cash Rounding,SA,TABBY,"145"
23731610,Mrsool,45015,"107010",AlQurashi-KSA,Vend,Vend Invoice,"1",Bank Charge,ALQASRMALL,Vend HQ,,Cash Rounding,SA,MRSOOL,"145"
23731619,MEDMAYAS,123012,"107003",AlQurashi-KSA,Vend,Vend Invoice,"1",Bank Charge,MEDMAYAS,Vend HQ,,Cash Rounding,SA,NORMAL,"315"
23731618,Nakhla IT Systems (LLC) Tamara,69011,"107007",AlQurashi-KSA,Vend,Vend Invoice,"1",Bank Charge,MEDMAYAS,Vend HQ,,Cash Rounding,SA,TAMARA,"315"
23731617,Hungerstation,45014,"107004",AlQurashi-KSA,Vend,Vend Invoice,"1",Bank Charge,MEDMAYAS,Vend HQ,,Cash Rounding,SA,HUNGERSTATION,"315"
23731616,Tabby Saudi For communication and IT,50011,"107006",AlQurashi-KSA,Vend,Vend Invoice,"1",Bank Charge,MEDMAYAS,Vend HQ,,Cash Rounding,SA,TABBY,"315"
23731615,Mrsool,45015,"107005",AlQurashi-KSA,Vend,Vend Invoice,"1",Bank Charge,MEDMAYAS,Vend HQ,,Cash Rounding,SA,MRSOOL,"315"
23731803,Mrsool,45015,"136024",AlQurashi-KSA,Vend,Vend Invoice,"1",Bank Charge,EHSAOTHAIM,Vend HQ,,Cash Rounding,SA,MRSOOL,"0811"
23731802,Nakhla IT Systems (LLC) Tamara,69011,"136026",AlQurashi-KSA,Vend,Vend Invoice,"1",Bank Charge,EHSAOTHAIM,Vend HQ,,Cash Rounding,SA,TAMARA,"0811"
23731801,Tabby Saudi For communication and IT,50011,"136025",AlQurashi-KSA,Vend,Vend Invoice,"1",Bank Charge,EHSAOTHAIM,Vend HQ,,Cash Rounding,SA,TABBY,"0811"
23731800,Hungerstation,45014,"136023",AlQurashi-KSA,Vend,Vend Invoice,"1",Bank Charge,EHSAOTHAIM,Vend HQ,,Cash Rounding,SA,HUNGERSTATION,"0811"
23731799,EHSAOTHAIM,155021,"136022",AlQurashi-KSA,Vend,Vend Invoice,"1",Bank Charge,EHSAOTHAIM,Vend HQ,,Cash Rounding,SA,NORMAL,"0811"
23731814,QOUZBLVRD,156013,"137009",AlQurashi-KSA,Vend,Vend Invoice,"1",Bank Charge,QOUZBLVRD,Vend HQ,,Cash Rounding,SA,NORMAL,"1014"
23731815,Hungerstation,45014,"137010",AlQurashi-KSA,Vend,Vend Invoice,"1",Bank Charge,QOUZBLVRD,Vend HQ,,Cash Rounding,SA,HUNGERSTATION,"1014"
23731816,Tabby Saudi For communication and IT,50011,"137012",AlQurashi-KSA,Vend,Vend Invoice,"1",Bank Charge,QOUZBLVRD,Vend HQ,,Cash Rounding,SA,TABBY,"1014"
23731817,Nakhla IT Systems (LLC) Tamara,69011,"137013",AlQurashi-KSA,Vend,Vend Invoice,"1",Bank Charge,QOUZBLVRD,Vend HQ,,Cash Rounding,SA,TAMARA,"1014"
23731818,Mrsool,45015,"137011",AlQurashi-KSA,Vend,Vend Invoice,"1",Bank Charge,QOUZBLVRD,Vend HQ,,Cash Rounding,SA,MRSOOL,"1014"
23731863,Mrsool,45015,"142012",AlQurashi-KSA,Vend,Vend Invoice,"1",Bank Charge,SBTALYABVD,Vend HQ,,Cash Rounding,SA,MRSOOL,"0517"
23731862,Nakhla IT Systems (LLC) Tamara,69011,"142011",AlQurashi-KSA,Vend,Vend Invoice,"1",Bank Charge,SBTALYABVD,Vend HQ,,Cash Rounding,SA,TAMARA,"0517"
23731861,Tabby Saudi For communication and IT,50011,"142010",AlQurashi-KSA,Vend,Vend Invoice,"1",Bank Charge,SBTALYABVD,Vend HQ,,Cash Rounding,SA,TABBY,"0517"
23731860,Hungerstation,45014,"142009",AlQurashi-KSA,Vend,Vend Invoice,"1",Bank Charge,SBTALYABVD,Vend HQ,,Cash Rounding,SA,HUNGERSTATION,"0517"
23731859,SBTALYABVD,161013,"142008",AlQurashi-KSA,Vend,Vend Invoice,"1",Bank Charge,SBTALYABVD,Vend HQ,,Cash Rounding,SA,NORMAL,"0517"
23731620,NAJPARK,124014,"108009",AlQurashi-KSA,Vend,Vend Invoice,"1",Bank Charge,NAJPARK,Vend HQ,,Cash Rounding,SA,NORMAL,"1311"
23731621,Nakhla IT Systems (LLC) Tamara,69011,"108018",AlQurashi-KSA,Vend,Vend Invoice,"1",Bank Charge,NAJPARK,Vend HQ,,Cash Rounding,SA,TAMARA,"1311"
23731622,Hungerstation,45014,"108010",AlQurashi-KSA,Vend,Vend Invoice,"1",Bank Charge,NAJPARK,Vend HQ,,Cash Rounding,SA,HUNGERSTATION,"1311"
23731623,Tabby Saudi For communication and IT,50011,"108016",AlQurashi-KSA,Vend,Vend Invoice,"1",Bank Charge,NAJPARK,Vend HQ,,Cash Rounding,SA,TABBY,"1311"
23731624,Mrsool,45015,"108013",AlQurashi-KSA,Vend,Vend Invoice,"1",Bank Charge,NAJPARK,Vend HQ,,Cash Rounding,SA,MRSOOL,"1311"
23731625,KHAMSBLVRD,124012,"108003",AlQurashi-KSA,Vend,Vend Invoice,"1",Bank Charge,KHAMSBLVRD,Vend HQ,,Cash Rounding,SA,NORMAL,"515"
23731626,Nakhla IT Systems (LLC) Tamara,69011,"108006",AlQurashi-KSA,Vend,Vend Invoice,"1",Bank Charge,KHAMSBLVRD,Vend HQ,,Cash Rounding,SA,TAMARA,"515"
23731627,Hungerstation,45014,"108004",AlQurashi-KSA,Vend,Vend Invoice,"1",Bank Charge,KHAMSBLVRD,Vend HQ,,Cash Rounding,SA,HUNGERSTATION,"515"
1366834,RYDSHIFA,83018,"69004",AlQurashi-KSA,Vend,Vend Invoice,"1",Bank Charge,RYDSHIFA,Vend HQ,,Cash Rounding,SA,NORMAL,"0121"
2366834,Hungerstation,45014,"69006",AlQurashi-KSA,Vend,Vend Invoice,"1",Bank Charge,RYDSHIFA,Vend HQ,,Cash Rounding,SA,HUNGERSTATION,"0121"
1566834,Tabby Saudi For communication and IT,50011,"69008",AlQurashi-KSA,Vend,Vend Invoice,"1",Bank Charge,RYDSHIFA,Vend HQ,,Cash Rounding,SA,TABBY,"0121"
1666834,Nakhla IT Systems (LLC) Tamara,69011,"69010",AlQurashi-KSA,Vend,Vend Invoice,"1",Bank Charge,RYDSHIFA,Vend HQ,,Cash Rounding,SA,TAMARA,"0121"
1760134,Mrsool,45015,"69012",AlQurashi-KSA,Vend,Vend Invoice,"1",Bank Charge,RYDSHIFA,Vend HQ,,Cash Rounding,SA,MRSOOL,"0121"
236722,Mrsool,45015,"73060",AlQurashi-KSA,Vend,Vend Invoice,"1",Bank Charge,QUNKYLPLZA,Vend HQ,,Cash Rounding,SA,MRSOOL,"1004"
236723,Tabby Saudi For communication and IT,50011,"73083",AlQurashi-KSA,Vend,Vend Invoice,"1",Bank Charge,QUNKYLPLZA,Vend HQ,,Cash Rounding,SA,TABBY,"1004"
236724,Nakhla IT Systems (LLC) Tamara,69011,"73107",AlQurashi-KSA,Vend,Vend Invoice,"1",Bank Charge,QUNKYLPLZA,Vend HQ,,Cash Rounding,SA,TAMARA,"1004"
236725,ALBAHAMAL,87021,"73015",AlQurashi-KSA,Vend,Vend Invoice,"1",Bank Charge,ALBAHAMAL,Vend HQ,,Cash Rounding,SA,NORMAL,"1003"
236726,Hungerstation,45014,"73038",AlQurashi-KSA,Vend,Vend Invoice,"1",Bank Charge,ALBAHAMAL,Vend HQ,,Cash Rounding,SA,HUNGERSTATION,"1003"
236727,Mrsool,45015,"73061",AlQurashi-KSA,Vend,Vend Invoice,"1",Bank Charge,ALBAHAMAL,Vend HQ,,Cash Rounding,SA,MRSOOL,"1003"
236728,Tabby Saudi For communication and IT,50011,"73084",AlQurashi-KSA,Vend,Vend Invoice,"1",Bank Charge,ALBAHAMAL,Vend HQ,,Cash Rounding,SA,TABBY,"1003"
236729,Nakhla IT Systems (LLC) Tamara,69011,"73108",AlQurashi-KSA,Vend,Vend Invoice,"1",Bank Charge,ALBAHAMAL,Vend HQ,,Cash Rounding,SA,TAMARA,"1003"
236730,JEDCORNCH1,87022,"73016",AlQurashi-KSA,Vend,Vend Invoice,"1",Bank Charge,JEDCORNCH1,Vend HQ,,Cash Rounding,SA,NORMAL,"221"
23731628,Tabby Saudi For communication and IT,50011,"108007",AlQurashi-KSA,Vend,Vend Invoice,"1",Bank Charge,KHAMSBLVRD,Vend HQ,,Cash Rounding,SA,TABBY,"515"
23731629,Mrsool,45015,"108005",AlQurashi-KSA,Vend,Vend Invoice,"1",Bank Charge,KHAMSBLVRD,Vend HQ,,Cash Rounding,SA,MRSOOL,"515"
23731630,YANBUMALL,124016,"108011",AlQurashi-KSA,Vend,Vend Invoice,"1",Bank Charge,YANBUMALL,Vend HQ,,Cash Rounding,SA,NORMAL,"1703"
23731631,Tabby Saudi For communication and IT,50011,"108015",AlQurashi-KSA,Vend,Vend Invoice,"1",Bank Charge,YANBUMALL,Vend HQ,,Cash Rounding,SA,TABBY,"1703"
23731632,Hungerstation,45014,"108012",AlQurashi-KSA,Vend,Vend Invoice,"1",Bank Charge,YANBUMALL,Vend HQ,,Cash Rounding,SA,HUNGERSTATION,"1703"
23731633,Nakhla IT Systems (LLC) Tamara,69011,"108017",AlQurashi-KSA,Vend,Vend Invoice,"1",Bank Charge,YANBUMALL,Vend HQ,,Cash Rounding,SA,TAMARA,"1703"
23731634,Mrsool,45015,"108014",AlQurashi-KSA,Vend,Vend Invoice,"1",Bank Charge,YANBUMALL,Vend HQ,,Cash Rounding,SA,MRSOOL,"1703"
23731836,Tabby Saudi For communication and IT,50011,"139042",AlQurashi-KSA,Vend,Vend Invoice,"1",Bank Charge,ABHHIZAMST,Vend HQ,,Cash Rounding,SA,TABBY,"0520"
23731835,Hungerstation,45014,"139040",AlQurashi-KSA,Vend,Vend Invoice,"1",Bank Charge,ABHHIZAMST,Vend HQ,,Cash Rounding,SA,HUNGERSTATION,"0520"
23731834,ABHHIZAMST,157022,"139039",AlQurashi-KSA,Vend,Vend Invoice,"1",Bank Charge,ABHHIZAMST,Vend HQ,,Cash Rounding,SA,NORMAL,"0520"
23731609,DAMRIVEIRA,122015,"106008",AlQurashi-KSA,Vend,Vend Invoice,"1",Bank Charge,DAMRIVEIRA,Vend HQ,,Cash Rounding,SA,NORMAL,"705"
23731608,Nakhla IT Systems (LLC) Tamara,69011,"106012",AlQurashi-KSA,Vend,Vend Invoice,"1",Bank Charge,DAMRIVEIRA,Vend HQ,,Cash Rounding,SA,TAMARA,"705"
23731607,Hungerstation,45014,"106009",AlQurashi-KSA,Vend,Vend Invoice,"1",Bank Charge,DAMRIVEIRA,Vend HQ,,Cash Rounding,SA,HUNGERSTATION,"705"
23731606,Tabby Saudi For communication and IT,50011,"106011",AlQurashi-KSA,Vend,Vend Invoice,"1",Bank Charge,DAMRIVEIRA,Vend HQ,,Cash Rounding,SA,TABBY,"705"
23731605,Mrsool,45015,"106010",AlQurashi-KSA,Vend,Vend Invoice,"1",Bank Charge,DAMRIVEIRA,Vend HQ,,Cash Rounding,SA,MRSOOL,"705"
23731650,MEDJWALK,125015,"110008",AlQurashi-KSA,Vend,Vend Invoice,"1",Bank Charge,MEDJWALK,Vend HQ,,Cash Rounding,SA,NORMAL,"316"
23731651,Tabby Saudi For communication and IT,50011,"110011",AlQurashi-KSA,Vend,Vend Invoice,"1",Bank Charge,MEDJWALK,Vend HQ,,Cash Rounding,SA,TABBY,"316"
23731652,Hungerstation,45014,"110009",AlQurashi-KSA,Vend,Vend Invoice,"1",Bank Charge,MEDJWALK,Vend HQ,,Cash Rounding,SA,HUNGERSTATION,"316"
23731653,Mrsool,45015,"110010",AlQurashi-KSA,Vend,Vend Invoice,"1",Bank Charge,MEDJWALK,Vend HQ,,Cash Rounding,SA,MRSOOL,"316"
23731654,Nakhla IT Systems (LLC) Tamara,69011,"110012",AlQurashi-KSA,Vend,Vend Invoice,"1",Bank Charge,MEDJWALK,Vend HQ,,Cash Rounding,SA,TAMARA,"316"
23731753,Nakhla IT Systems (LLC) Tamara,69011,"129067",AlQurashi-KSA,Vend,Vend Invoice,"1",Bank Charge,JEDDAHPARK,Vend HQ,,Cash Rounding,SA,TAMARA,"0248"
23731752,Tabby Saudi For communication and IT,50011,"129066",AlQurashi-KSA,Vend,Vend Invoice,"1",Bank Charge,JEDDAHPARK,Vend HQ,,Cash Rounding,SA,TABBY,"0248"
23731751,Hungerstation,45014,"129064",AlQurashi-KSA,Vend,Vend Invoice,"1",Bank Charge,JEDDAHPARK,Vend HQ,,Cash Rounding,SA,HUNGERSTATION,"0248"
23731750,Mrsool,45015,"129065",AlQurashi-KSA,Vend,Vend Invoice,"1",Bank Charge,JEDDAHPARK,Vend HQ,,Cash Rounding,SA,MRSOOL,"0248"
23731749,JEDDAHPARK,145020,"129063",AlQurashi-KSA,Vend,Vend Invoice,"1",Bank Charge,JEDDAHPARK,Vend HQ,,Cash Rounding,SA,NORMAL,"0248"
23731804,Mrsool,45015,"136029",AlQurashi-KSA,Vend,Vend Invoice,"1",Bank Charge,MAKDARTWHD,Vend HQ,,Cash Rounding,SA,MRSOOL,"1423"
23731805,Nakhla IT Systems (LLC) Tamara,69011,"136031",AlQurashi-KSA,Vend,Vend Invoice,"1",Bank Charge,MAKDARTWHD,Vend HQ,,Cash Rounding,SA,TAMARA,"1423"
23731806,Tabby Saudi For communication and IT,50011,"136030",AlQurashi-KSA,Vend,Vend Invoice,"1",Bank Charge,MAKDARTWHD,Vend HQ,,Cash Rounding,SA,TABBY,"1423"
23731807,Hungerstation,45014,"136028",AlQurashi-KSA,Vend,Vend Invoice,"1",Bank Charge,MAKDARTWHD,Vend HQ,,Cash Rounding,SA,HUNGERSTATION,"1423"
23731808,MAKDARTWHD,155022,"136027",AlQurashi-KSA,Vend,Vend Invoice,"1",Bank Charge,MAKDARTWHD,Vend HQ,,Cash Rounding,SA,NORMAL,"1423"
23731823,Mrsool,45015,"137064",AlQurashi-KSA,Vend,Vend Invoice,"1",Bank Charge,TIFZHRNCTR,Vend HQ,,Cash Rounding,SA,MRSOOL,"1013"
23731822,Nakhla IT Systems (LLC) Tamara,69011,"137066",AlQurashi-KSA,Vend,Vend Invoice,"1",Bank Charge,TIFZHRNCTR,Vend HQ,,Cash Rounding,SA,TAMARA,"1013"
23731821,Tabby Saudi For communication and IT,50011,"137065",AlQurashi-KSA,Vend,Vend Invoice,"1",Bank Charge,TIFZHRNCTR,Vend HQ,,Cash Rounding,SA,TABBY,"1013"
23731820,Hungerstation,45014,"137063",AlQurashi-KSA,Vend,Vend Invoice,"1",Bank Charge,TIFZHRNCTR,Vend HQ,,Cash Rounding,SA,HUNGERSTATION,"1013"
23731819,TIFZHRNCTR,156026,"137062",AlQurashi-KSA,Vend,Vend Invoice,"1",Bank Charge,TIFZHRNCTR,Vend HQ,,Cash Rounding,SA,NORMAL,"1013"
23731843,Mrsool,45015,"139046",AlQurashi-KSA,Vend,Vend Invoice,"1",Bank Charge,JEDKHUMRAH,Vend HQ,,Cash Rounding,SA,MRSOOL,"0253"
23731842,Nakhla IT Systems (LLC) Tamara,69011,"139048",AlQurashi-KSA,Vend,Vend Invoice,"1",Bank Charge,JEDKHUMRAH,Vend HQ,,Cash Rounding,SA,TAMARA,"0253"
23731841,Tabby Saudi For communication and IT,50011,"139047",AlQurashi-KSA,Vend,Vend Invoice,"1",Bank Charge,JEDKHUMRAH,Vend HQ,,Cash Rounding,SA,TABBY,"0253"
23731840,Hungerstation,45014,"139045",AlQurashi-KSA,Vend,Vend Invoice,"1",Bank Charge,JEDKHUMRAH,Vend HQ,,Cash Rounding,SA,HUNGERSTATION,"0253"
23731839,JEDKHUMRAH,158012,"139044",AlQurashi-KSA,Vend,Vend Invoice,"1",Bank Charge,JEDKHUMRAH,Vend HQ,,Cash Rounding,SA,NORMAL,"0253"
23731848,Mrsool,45015,"139056",AlQurashi-KSA,Vend,Vend Invoice,"1",Bank Charge,JEDSULTNST,Vend HQ,,Cash Rounding,SA,MRSOOL,"0256"
23731847,Nakhla IT Systems (LLC) Tamara,69011,"139058",AlQurashi-KSA,Vend,Vend Invoice,"1",Bank Charge,JEDSULTNST,Vend HQ,,Cash Rounding,SA,TAMARA,"0256"
23731846,Tabby Saudi For communication and IT,50011,"139057",AlQurashi-KSA,Vend,Vend Invoice,"1",Bank Charge,JEDSULTNST,Vend HQ,,Cash Rounding,SA,TABBY,"0256"
23731845,Hungerstation,45014,"139055",AlQurashi-KSA,Vend,Vend Invoice,"1",Bank Charge,JEDSULTNST,Vend HQ,,Cash Rounding,SA,HUNGERSTATION,"0256"
23731844,JEDSULTNST,158014,"139054",AlQurashi-KSA,Vend,Vend Invoice,"1",Bank Charge,JEDSULTNST,Vend HQ,,Cash Rounding,SA,NORMAL,"0256"
23731853,Mrsool,45015,"139053",AlQurashi-KSA,Vend,Vend Invoice,"1",Bank Charge,RASHIDMAD2,Vend HQ,,Cash Rounding,SA,MRSOOL,"0324"
23731852,Nakhla IT Systems (LLC) Tamara,69011,"139052",AlQurashi-KSA,Vend,Vend Invoice,"1",Bank Charge,RASHIDMAD2,Vend HQ,,Cash Rounding,SA,TAMARA,"0324"
23731851,Tabby Saudi For communication and IT,50011,"139051",AlQurashi-KSA,Vend,Vend Invoice,"1",Bank Charge,RASHIDMAD2,Vend HQ,,Cash Rounding,SA,TABBY,"0324"
23731850,Hungerstation,45014,"139050",AlQurashi-KSA,Vend,Vend Invoice,"1",Bank Charge,RASHIDMAD2,Vend HQ,,Cash Rounding,SA,HUNGERSTATION,"0324"
23731849,RASHIDMAD2,158013,"139049",AlQurashi-KSA,Vend,Vend Invoice,"1",Bank Charge,RASHIDMAD2,Vend HQ,,Cash Rounding,SA,NORMAL,"0324"
23731503,Nakhla IT Systems (LLC) Tamara,69011,"84017",AlQurashi-KSA,Vend,Vend Invoice,"1",Bank Charge,KHAMISKKHD,Vend HQ,,Cash Rounding,SA,TAMARA,"0506"
23731504,Mrsool,45015,"84011",AlQurashi-KSA,Vend,Vend Invoice,"1",Bank Charge,KHAMISKKHD,Vend HQ,,Cash Rounding,SA,MRSOOL,"0506"
23731505,RYDSAWARIP,100014,"87003",AlQurashi-KSA,Vend,Vend Invoice,"1",Bank Charge,RYDSAWARIP,Vend HQ,,Cash Rounding,SA,NORMAL,"0131"
23731506,Hungerstation,45014,"87005",AlQurashi-KSA,Vend,Vend Invoice,"1",Bank Charge,RYDSAWARIP,Vend HQ,,Cash Rounding,SA,HUNGERSTATION,"0131"
23731564,Mrsool,45015,"96030",AlQurashi-KSA,Vend,Vend Invoice,"1",Bank Charge,MILAQROTAB,Vend HQ,,Cash Rounding,SA,MRSOOL,"1503"
23731563,Nakhla IT Systems (LLC) Tamara,69011,"96027",AlQurashi-KSA,Vend,Vend Invoice,"1",Bank Charge,MILAQROTAB,Vend HQ,,Cash Rounding,SA,TAMARA,"1503"
23731562,Tabby Saudi For communication and IT,50011,"96024",AlQurashi-KSA,Vend,Vend Invoice,"1",Bank Charge,MILAQROTAB,Vend HQ,,Cash Rounding,SA,TABBY,"1503"
23731561,Hungerstation,45014,"96021",AlQurashi-KSA,Vend,Vend Invoice,"1",Bank Charge,MILAQROTAB,Vend HQ,,Cash Rounding,SA,HUNGERSTATION,"1503"
23731560,MILAQROTAB,110012,"96018",AlQurashi-KSA,Vend,Vend Invoice,"1",Bank Charge,MILAQROTAB,Vend HQ,,Cash Rounding,SA,NORMAL,"1503"
23731569,Mrsool,45015,"96032",AlQurashi-KSA,Vend,Vend Invoice,"1",Bank Charge,RYDYARMOOK,Vend HQ,,Cash Rounding,SA,MRSOOL,"0136"
23731568,Nakhla IT Systems (LLC) Tamara,69011,"96029",AlQurashi-KSA,Vend,Vend Invoice,"1",Bank Charge,RYDYARMOOK,Vend HQ,,Cash Rounding,SA,TAMARA,"0136"
23731567,Tabby Saudi For communication and IT,50011,"96026",AlQurashi-KSA,Vend,Vend Invoice,"1",Bank Charge,RYDYARMOOK,Vend HQ,,Cash Rounding,SA,TABBY,"0136"
23731566,Hungerstation,45014,"96023",AlQurashi-KSA,Vend,Vend Invoice,"1",Bank Charge,RYDYARMOOK,Vend HQ,,Cash Rounding,SA,HUNGERSTATION,"0136"
23731565,RYDYARMOOK,110014,"96020",AlQurashi-KSA,Vend,Vend Invoice,"1",Bank Charge,RYDYARMOOK,Vend HQ,,Cash Rounding,SA,NORMAL,"0136"
23731574,Mrsool,45015,"97036",AlQurashi-KSA,Vend,Vend Invoice,"1",Bank Charge,EHSALBUSTA,Vend HQ,,Cash Rounding,SA,Mrsool,"0805"
23731573,Nakhla IT Systems (LLC) Tamara,69011,"97038",AlQurashi-KSA,Vend,Vend Invoice,"1",Bank Charge,EHSALBUSTA,Vend HQ,,Cash Rounding,SA,TAMARA,"0805"
23731570,Tabby Saudi For communication and IT,50011,"97037",AlQurashi-KSA,Vend,Vend Invoice,"1",Bank Charge,EHSALBUSTA,Vend HQ,,Cash Rounding,SA,TABBY,"0805"
23731572,Hungerstation,45014,"97035",AlQurashi-KSA,Vend,Vend Invoice,"1",Bank Charge,EHSALBUSTA,Vend HQ,,Cash Rounding,SA,HUNGERSTATION,"0805"
23731571,EHSALBUSTAN,112012,"97034",AlQurashi-KSA,Vend,Vend Invoice,"1",Bank Charge,EHSALBUSTA,Vend HQ,,Cash Rounding,SA,NORMAL,"0805"
23731575,Mrsool,45015,"100027",AlQurashi-KSA,Vend,Vend Invoice,"1",Bank Charge,KHMSBNDWOD,Vend HQ,,Cash Rounding,SA,Mrsool,"0509"
23731576,Nakhla IT Systems (LLC) Tamara,69011,"100022",AlQurashi-KSA,Vend,Vend Invoice,"1",Bank Charge,KHMSBNDWOD,Vend HQ,,Cash Rounding,SA,TAMARA,"0509"
1681,Tabby Saudi For communication and IT,50011,"52016",AlQurashi-KSA,Vend,Vend Invoice,"1",Bank Charge,GRMALLHAIL,Vend HQ,,Cash Rounding,SA,TABBY,"0113"
2682,Nakhla IT Systems (LLC) Tamara,69011,"52041",AlQurashi-KSA,Vend,Vend Invoice,"1",Bank Charge,GRMALLHAIL,Vend HQ,,Cash Rounding,SA,TAMARA,"0113"
2367251,MAKABRAJ1,87036,"73030",AlQurashi-KSA,Vend,Vend Invoice,"1",Bank Charge,MAKABRAJ1,Vend HQ,,Cash Rounding,SA,NORMAL,"1403"
2367261,Hungerstation,45014,"73053",AlQurashi-KSA,Vend,Vend Invoice,"1",Bank Charge,MAKABRAJ1,Vend HQ,,Cash Rounding,SA,HUNGERSTATION,"1403"
2367271,Mrsool,45015,"73076",AlQurashi-KSA,Vend,Vend Invoice,"1",Bank Charge,MAKABRAJ1,Vend HQ,,Cash Rounding,SA,MRSOOL,"1403"
2367281,Tabby Saudi For communication and IT,50011,"73100",AlQurashi-KSA,Vend,Vend Invoice,"1",Bank Charge,MAKABRAJ1,Vend HQ,,Cash Rounding,SA,TABBY,"1403"
2367291,Nakhla IT Systems (LLC) Tamara,69011,"73123",AlQurashi-KSA,Vend,Vend Invoice,"1",Bank Charge,MAKABRAJ1,Vend HQ,,Cash Rounding,SA,TAMARA,"1403"
23731515,Mrsool,45015,"90005",AlQurashi-KSA,Vend,Vend Invoice,"1",Bank Charge,TOWNSQJED,Vend HQ,,Cash Rounding,SA,MRSOOL,"227"
23731516,Nakhla IT Systems (LLC) Tamara,69011,"90007",AlQurashi-KSA,Vend,Vend Invoice,"1",Bank Charge,TOWNSQJED,Vend HQ,,Cash Rounding,SA,TAMARA,"227"
23731520,YASMEENPLZ,105012,"91003",AlQurashi-KSA,Vend,Vend Invoice,"1",Bank Charge,YASMEENPLZ,Vend HQ,,Cash Rounding,SA,NORMAL,"511"
23731521,Hungerstation,45014,"91005",AlQurashi-KSA,Vend,Vend Invoice,"1",Bank Charge,YASMEENPLZ,Vend HQ,,Cash Rounding,SA,HUNGERSTATION,"511"
23731522,Tabby Saudi For communication and IT,50011,"91009",AlQurashi-KSA,Vend,Vend Invoice,"1",Bank Charge,YASMEENPLZ,Vend HQ,,Cash Rounding,SA,TABBY,"511"
23731523,Nakhla IT Systems (LLC) Tamara,69011,"91013",AlQurashi-KSA,Vend,Vend Invoice,"1",Bank Charge,YASMEENPLZ,Vend HQ,,Cash Rounding,SA,TAMARA,"511"
23731524,Mrsool,45015,"91007",AlQurashi-KSA,Vend,Vend Invoice,"1",Bank Charge,YASMEENPLZ,Vend HQ,,Cash Rounding,SA,MRSOOL,"511"
23731525,ARARMHMDIA,105013,"91004",AlQurashi-KSA,Vend,Vend Invoice,"1",Bank Charge,ARARMHMDIA,Vend HQ,,Cash Rounding,SA,NORMAL,"1802"
23731526,Hungerstation,45014,"91006",AlQurashi-KSA,Vend,Vend Invoice,"1",Bank Charge,ARARMHMDIA,Vend HQ,,Cash Rounding,SA,HUNGERSTATION,"1802"
23731527,Tabby Saudi For communication and IT,50011,"91010",AlQurashi-KSA,Vend,Vend Invoice,"1",Bank Charge,ARARMHMDIA,Vend HQ,,Cash Rounding,SA,TABBY,"1802"
23731528,Nakhla IT Systems (LLC) Tamara,69011,"91014",AlQurashi-KSA,Vend,Vend Invoice,"1",Bank Charge,ARARMHMDIA,Vend HQ,,Cash Rounding,SA,TAMARA,"1802"
23731529,Mrsool,45015,"91008",AlQurashi-KSA,Vend,Vend Invoice,"1",Bank Charge,ARARMHMDIA,Vend HQ,,Cash Rounding,SA,MRSOOL,"1802"
23731534,Mrsool,45015,"92005",AlQurashi-KSA,Vend,Vend Invoice,"1",Bank Charge,KHOQOSAIBI,Vend HQ,,Cash Rounding,SA,MRSOOL,"402"
23731533,Nakhla IT Systems (LLC) Tamara,69011,"93003",AlQurashi-KSA,Vend,Vend Invoice,"1",Bank Charge,KHOQOSAIBI,Vend HQ,,Cash Rounding,SA,TAMARA,"402"
23731535,Mrsool,45015,"85005",AlQurashi-KSA,Vend,Vend Invoice,"1",Bank Charge,JEDANDLUS2,Vend HQ,,Cash Rounding,SA,MRSOOL,"223"
23731536,Nakhla IT Systems (LLC) Tamara,69011,"85007",AlQurashi-KSA,Vend,Vend Invoice,"1",Bank Charge,JEDANDLUS2,Vend HQ,,Cash Rounding,SA,TAMARA,"223"
23731537,Tabby Saudi For communication and IT,50011,"85006",AlQurashi-KSA,Vend,Vend Invoice,"1",Bank Charge,JEDANDLUS2,Vend HQ,,Cash Rounding,SA,TABBY,"223"
23731538,Hungerstation,45014,"85004",AlQurashi-KSA,Vend,Vend Invoice,"1",Bank Charge,JEDANDLUS2,Vend HQ,,Cash Rounding,SA,HUNGERSTATION,"223"
23731539,JEDANDLUS2,99012,"85003",AlQurashi-KSA,Vend,Vend Invoice,"1",Bank Charge,JEDANDLUS2,Vend HQ,,Cash Rounding,SA,NORMAL,"223"
23731577,Hungerstation,45014,"100012",AlQurashi-KSA,Vend,Vend Invoice,"1",Bank Charge,KHMSBNDWOD,Vend HQ,,Cash Rounding,SA,HUNGERSTATION,"0509"
236693,Tabby Saudi For communication and IT,50011,"73077",AlQurashi-KSA,Vend,Vend Invoice,"1",Bank Charge,MAKSHOUQ,Vend HQ,,Cash Rounding,SA,TABBY,"1405"
236694,Nakhla IT Systems (LLC) Tamara,69011,"73101",AlQurashi-KSA,Vend,Vend Invoice,"1",Bank Charge,MAKSHOUQ,Vend HQ,,Cash Rounding,SA,TAMARA,"1405"
236695,TAIFSHARST,87014,"73009",AlQurashi-KSA,Vend,Vend Invoice,"1",Bank Charge,TAIFSHARST,Vend HQ,,Cash Rounding,SA,NORMAL,"1005"
236696,Hungerstation,45014,"73032",AlQurashi-KSA,Vend,Vend Invoice,"1",Bank Charge,TAIFSHARST,Vend HQ,,Cash Rounding,SA,HUNGERSTATION,"1005"
236697,Mrsool,45015,"73055",AlQurashi-KSA,Vend,Vend Invoice,"1",Bank Charge,TAIFSHARST,Vend HQ,,Cash Rounding,SA,MRSOOL,"1005"
236698,Tabby Saudi For communication and IT,50011,"73078",AlQurashi-KSA,Vend,Vend Invoice,"1",Bank Charge,TAIFSHARST,Vend HQ,,Cash Rounding,SA,TABBY,"1005"
236699,Nakhla IT Systems (LLC) Tamara,69011,"73102",AlQurashi-KSA,Vend,Vend Invoice,"1",Bank Charge,TAIFSHARST,Vend HQ,,Cash Rounding,SA,TAMARA,"1005"
236700,NAJMELAGRO,87016,"73010",AlQurashi-KSA,Vend,Vend Invoice,"1",Bank Charge,NAJMELAGRO,Vend HQ,,Cash Rounding,SA,NORMAL,"1303"
236701,Hungerstation,45014,"73033",AlQurashi-KSA,Vend,Vend Invoice,"1",Bank Charge,NAJMELAGRO,Vend HQ,,Cash Rounding,SA,HUNGERSTATION,"1303"
236702,Mrsool,45015,"73056",AlQurashi-KSA,Vend,Vend Invoice,"1",Bank Charge,NAJMELAGRO,Vend HQ,,Cash Rounding,SA,MRSOOL,"1303"
236703,Tabby Saudi For communication and IT,50011,"73079",AlQurashi-KSA,Vend,Vend Invoice,"1",Bank Charge,NAJMELAGRO,Vend HQ,,Cash Rounding,SA,TABBY,"1303"
236704,Nakhla IT Systems (LLC) Tamara,69011,"73103",AlQurashi-KSA,Vend,Vend Invoice,"1",Bank Charge,NAJMELAGRO,Vend HQ,,Cash Rounding,SA,TAMARA,"1303"
236705,JEDNRTHWLK,87017,"73011",AlQurashi-KSA,Vend,Vend Invoice,"1",Bank Charge,JEDNRTHWLK,Vend HQ,,Cash Rounding,SA,NORMAL,"220"
236706,Hungerstation,45014,"73034",AlQurashi-KSA,Vend,Vend Invoice,"1",Bank Charge,JEDNRTHWLK,Vend HQ,,Cash Rounding,SA,HUNGERSTATION,"220"
236707,Mrsool,45015,"73057",AlQurashi-KSA,Vend,Vend Invoice,"1",Bank Charge,JEDNRTHWLK,Vend HQ,,Cash Rounding,SA,MRSOOL,"220"
236708,Tabby Saudi For communication and IT,50011,"73080",AlQurashi-KSA,Vend,Vend Invoice,"1",Bank Charge,JEDNRTHWLK,Vend HQ,,Cash Rounding,SA,TABBY,"220"
236709,Nakhla IT Systems (LLC) Tamara,69011,"73104",AlQurashi-KSA,Vend,Vend Invoice,"1",Bank Charge,JEDNRTHWLK,Vend HQ,,Cash Rounding,SA,TAMARA,"220"
236710,RYDANUDPRK,87018,"73012",AlQurashi-KSA,Vend,Vend Invoice,"1",Bank Charge,RYDANUDPRK,Vend HQ,,Cash Rounding,SA,NORMAL,"123"
236711,Hungerstation,45014,"73035",AlQurashi-KSA,Vend,Vend Invoice,"1",Bank Charge,RYDANUDPRK,Vend HQ,,Cash Rounding,SA,HUNGERSTATION,"123"
236712,Mrsool,45015,"73058",AlQurashi-KSA,Vend,Vend Invoice,"1",Bank Charge,RYDANUDPRK,Vend HQ,,Cash Rounding,SA,MRSOOL,"123"
236713,Tabby Saudi For communication and IT,50011,"73081",AlQurashi-KSA,Vend,Vend Invoice,"1",Bank Charge,RYDANUDPRK,Vend HQ,,Cash Rounding,SA,TABBY,"123"
236714,Nakhla IT Systems (LLC) Tamara,69011,"73105",AlQurashi-KSA,Vend,Vend Invoice,"1",Bank Charge,RYDANUDPRK,Vend HQ,,Cash Rounding,SA,TAMARA,"123"
236715,KHRJHEDITY,87019,"73013",AlQurashi-KSA,Vend,Vend Invoice,"1",Bank Charge,KHRJHEDITY,Vend HQ,,Cash Rounding,SA,NORMAL,"124"
236716,Hungerstation,45014,"73036",AlQurashi-KSA,Vend,Vend Invoice,"1",Bank Charge,KHRJHEDITY,Vend HQ,,Cash Rounding,SA,HUNGERSTATION,"124"
236717,Mrsool,45015,"73059",AlQurashi-KSA,Vend,Vend Invoice,"1",Bank Charge,KHRJHEDITY,Vend HQ,,Cash Rounding,SA,MRSOOL,"124"
236718,Tabby Saudi For communication and IT,50011,"73082",AlQurashi-KSA,Vend,Vend Invoice,"1",Bank Charge,KHRJHEDITY,Vend HQ,,Cash Rounding,SA,TABBY,"124"
236719,Nakhla IT Systems (LLC) Tamara,69011,"73106",AlQurashi-KSA,Vend,Vend Invoice,"1",Bank Charge,KHRJHEDITY,Vend HQ,,Cash Rounding,SA,TAMARA,"124"
236720,QUNKYLPLZA,87020,"73014",AlQurashi-KSA,Vend,Vend Invoice,"1",Bank Charge,QUNKYLPLZA,Vend HQ,,Cash Rounding,SA,NORMAL,"1004"
236721,Hungerstation,45014,"73037",AlQurashi-KSA,Vend,Vend Invoice,"1",Bank Charge,QUNKYLPLZA,Vend HQ,,Cash Rounding,SA,HUNGERSTATION,"1004"
23731680,QATIFCFRNT,139012,"122003",AlQurashi-KSA,Vend,Vend Invoice,"1",Bank Charge,QATIFCFRNT,Vend HQ,,Cash Rounding,SA,NORMAL,"0810"
23731681,Nakhla IT Systems (LLC) Tamara,69011,"122007",AlQurashi-KSA,Vend,Vend Invoice,"1",Bank Charge,QATIFCFRNT,Vend HQ,,Cash Rounding,SA,TAMARA,"0810"
23731682,Tabby Saudi For communication and IT,50011,"122006",AlQurashi-KSA,Vend,Vend Invoice,"1",Bank Charge,QATIFCFRNT,Vend HQ,,Cash Rounding,SA,TABBY,"0810"
23731683,Hungerstation,45014,"122004",AlQurashi-KSA,Vend,Vend Invoice,"1",Bank Charge,QATIFCFRNT,Vend HQ,,Cash Rounding,SA,HUNGERSTATION,"0810"
23731684,Mrsool,45015,"122005",AlQurashi-KSA,Vend,Vend Invoice,"1",Bank Charge,QATIFCFRNT,Vend HQ,,Cash Rounding,SA,MRSOOL,"0810"
23731725,RASSBULVRD,141028,"124079",AlQurashi-KSA,Vend,Vend Invoice,"1",Bank Charge,RASSBULVRD,Vend HQ,,Cash Rounding,SA,NORMAL,"1107"
23731726,Nakhla IT Systems (LLC) Tamara,69011,"124083",AlQurashi-KSA,Vend,Vend Invoice,"1",Bank Charge,RASSBULVRD,Vend HQ,,Cash Rounding,SA,TAMARA,"1107"
23731727,Tabby Saudi For communication and IT,50011,"124082",AlQurashi-KSA,Vend,Vend Invoice,"1",Bank Charge,RASSBULVRD,Vend HQ,,Cash Rounding,SA,TABBY,"1107"
23731728,Hungerstation,45014,"124080",AlQurashi-KSA,Vend,Vend Invoice,"1",Bank Charge,RASSBULVRD,Vend HQ,,Cash Rounding,SA,HUNGERSTATION,"1107"
2373179,Mrsool,45015,"124081",AlQurashi-KSA,Vend,Vend Invoice,"1",Bank Charge,RASSBULVRD,Vend HQ,,Cash Rounding,SA,MRSOOL,"1107"
23731729,JEDMNDARIN,141025,"124064",AlQurashi-KSA,Vend,Vend Invoice,"1",Bank Charge,JEDMNDARIN,Vend HQ,,Cash Rounding,SA,NORMAL,"0241"
23731730,Mrsool,45015,"124066",AlQurashi-KSA,Vend,Vend Invoice,"1",Bank Charge,JEDMNDARIN,Vend HQ,,Cash Rounding,SA,MRSOOL,"0241"
23731731,Hungerstation,45014,"124065",AlQurashi-KSA,Vend,Vend Invoice,"1",Bank Charge,JEDMNDARIN,Vend HQ,,Cash Rounding,SA,HUNGERSTATION,"0241"
23731732,Tabby Saudi For communication and IT,50011,"124067",AlQurashi-KSA,Vend,Vend Invoice,"1",Bank Charge,JEDMNDARIN,Vend HQ,,Cash Rounding,SA,TABBY,"0241"
23731733,Nakhla IT Systems (LLC) Tamara,69011,"124068",AlQurashi-KSA,Vend,Vend Invoice,"1",Bank Charge,JEDMNDARIN,Vend HQ,,Cash Rounding,SA,TAMARA,"0241"
23731739,JARIRRD,147021,"132021",AlQurashi-KSA,Vend,Vend Invoice,"1",Bank Charge,JARIRRD,Vend HQ,,Cash Rounding,SA,NORMAL,"0159"
23731738,Nakhla IT Systems (LLC) Tamara,69011,"129062",AlQurashi-KSA,Vend,Vend Invoice,"1",Bank Charge,SALAMRYD2,Vend HQ,,Cash Rounding,SA,TAMARA,"0153"
23731737,Tabby Saudi For communication and IT,50011,"129061",AlQurashi-KSA,Vend,Vend Invoice,"1",Bank Charge,SALAMRYD2,Vend HQ,,Cash Rounding,SA,TABBY,"0153"
23731736,Hungerstation,45014,"129059",AlQurashi-KSA,Vend,Vend Invoice,"1",Bank Charge,SALAMRYD2,Vend HQ,,Cash Rounding,SA,HUNGERSTATION,"0153"
23731735,Mrsool,45015,"129060",AlQurashi-KSA,Vend,Vend Invoice,"1",Bank Charge,SALAMRYD2,Vend HQ,,Cash Rounding,SA,MRSOOL,"0153"
23731734,SALAMRYD2,145019,"129058",AlQurashi-KSA,Vend,Vend Invoice,"1",Bank Charge,SALAMRYD2,Vend HQ,,Cash Rounding,SA,NORMAL,"0153"
23731743,Nakhla IT Systems (LLC) Tamara,69011,"132025",AlQurashi-KSA,Vend,Vend Invoice,"1",Bank Charge,JARIRRD,Vend HQ,,Cash Rounding,SA,TAMARA,"0159"
2649,Nakhla IT Systems (LLC) Tamara,69011,"51071",AlQurashi-KSA,Vend,Vend Invoice,"1",Bank Charge,MAHMAL,Vend HQ,,Cash Rounding,SA,TAMARA,"0204"
1667,Tabby Saudi For communication and IT,50011,"51091",AlQurashi-KSA,Vend,Vend Invoice,"1",Bank Charge,MAKKAH,Vend HQ,,Cash Rounding,SA,TABBY,"1401"
2667,Nakhla IT Systems (LLC) Tamara,69011,"51068",AlQurashi-KSA,Vend,Vend Invoice,"1",Bank Charge,MAKKAH,Vend HQ,,Cash Rounding,SA,TAMARA,"1401"
1652,Tabby Saudi For communication and IT,50011,"51104",AlQurashi-KSA,Vend,Vend Invoice,"1",Bank Charge,MEDAD,Vend HQ,,Cash Rounding,SA,TABBY,"0103"
2652,Nakhla IT Systems (LLC) Tamara,69011,"51076",AlQurashi-KSA,Vend,Vend Invoice,"1",Bank Charge,MEDAD,Vend HQ,,Cash Rounding,SA,TAMARA,"0103"
1623,Tabby Saudi For communication and IT,50011,"51103",AlQurashi-KSA,Vend,Vend Invoice,"1",Bank Charge,NOUR,Vend HQ,,Cash Rounding,SA,TABBY,"0302"
2623,Nakhla IT Systems (LLC) Tamara,69011,"51081",AlQurashi-KSA,Vend,Vend Invoice,"1",Bank Charge,NOUR,Vend HQ,,Cash Rounding,SA,TAMARA,"0302"
1634,Tabby Saudi For communication and IT,50011,"51119",AlQurashi-KSA,Vend,Vend Invoice,"1",Bank Charge,TABOUK,Vend HQ,,Cash Rounding,SA,TABBY,"1501"
2634,Nakhla IT Systems (LLC) Tamara,69011,"51073",AlQurashi-KSA,Vend,Vend Invoice,"1",Bank Charge,TABOUK,Vend HQ,,Cash Rounding,SA,TAMARA,"1501"
1647,Tabby Saudi For communication and IT,50011,"51090",AlQurashi-KSA,Vend,Vend Invoice,"1",Bank Charge,REDSEA,Vend HQ,,Cash Rounding,SA,TABBY,"0202"
2647,Nakhla IT Systems (LLC) Tamara,69011,"51067",AlQurashi-KSA,Vend,Vend Invoice,"1",Bank Charge,REDSEA,Vend HQ,,Cash Rounding,SA,TAMARA,"0202"
1651,Tabby Saudi For communication and IT,50011,"51118",AlQurashi-KSA,Vend,Vend Invoice,"1",Bank Charge,SALAMJED,Vend HQ,,Cash Rounding,SA,TABBY,"0208"
2651,Nakhla IT Systems (LLC) Tamara,69011,"51053",AlQurashi-KSA,Vend,Vend Invoice,"1",Bank Charge,SALAMJED,Vend HQ,,Cash Rounding,SA,TAMARA,"0208"
1633,Tabby Saudi For communication and IT,50011,"51110",AlQurashi-KSA,Vend,Vend Invoice,"1",Bank Charge,SALAMAH,Vend HQ,,Cash Rounding,SA,TABBY,"1201"
2633,Nakhla IT Systems (LLC) Tamara,69011,"51064",AlQurashi-KSA,Vend,Vend Invoice,"1",Bank Charge,SALAMAH,Vend HQ,,Cash Rounding,SA,TAMARA,"1201"
1646,Tabby Saudi For communication and IT,50011,"51107",AlQurashi-KSA,Vend,Vend Invoice,"1",Bank Charge,TAHLIA,Vend HQ,,Cash Rounding,SA,TABBY,"0201"
2646,Nakhla IT Systems (LLC) Tamara,69011,"51080",AlQurashi-KSA,Vend,Vend Invoice,"1",Bank Charge,TAHLIA,Vend HQ,,Cash Rounding,SA,TAMARA,"0201"
1619,Tabby Saudi For communication and IT,50011,"51124",AlQurashi-KSA,Vend,Vend Invoice,"1",Bank Charge,TALAMALL,Vend HQ,,Cash Rounding,SA,TABBY,"0106"
2619,Nakhla IT Systems (LLC) Tamara,69011,"51059",AlQurashi-KSA,Vend,Vend Invoice,"1",Bank Charge,TALAMALL,Vend HQ,,Cash Rounding,SA,TAMARA,"0106"
1643,Tabby Saudi For communication and IT,50011,"51105",AlQurashi-KSA,Vend,Vend Invoice,"1",Bank Charge,TAWAREN,Vend HQ,,Cash Rounding,SA,TABBY,"0101"
2643,Nakhla IT Systems (LLC) Tamara,69011,"51056",AlQurashi-KSA,Vend,Vend Invoice,"1",Bank Charge,TAWAREN,Vend HQ,,Cash Rounding,SA,TAMARA,"0101"
1627,Tabby Saudi For communication and IT,50011,"51089",AlQurashi-KSA,Vend,Vend Invoice,"1",Bank Charge,WESTAVENUE,Vend HQ,,Cash Rounding,SA,TABBY,"0702"
2627,Nakhla IT Systems (LLC) Tamara,69011,"51046",AlQurashi-KSA,Vend,Vend Invoice,"1",Bank Charge,WESTAVENUE,Vend HQ,,Cash Rounding,SA,TAMARA,"0702"
1666,Tabby Saudi For communication and IT,50011,"51100",AlQurashi-KSA,Vend,Vend Invoice,"1",Bank Charge,YASMEEN,Vend HQ,,Cash Rounding,SA,TABBY,"0207"
2666,Nakhla IT Systems (LLC) Tamara,69011,"51050",AlQurashi-KSA,Vend,Vend Invoice,"1",Bank Charge,YASMEEN,Vend HQ,,Cash Rounding,SA,TAMARA,"0207"
1686,Nakhla IT Systems (LLC) Tamara,69011,"52030",AlQurashi-KSA,Vend,Vend Invoice,"1",Bank Charge,RABWA,Vend HQ,,Cash Rounding,SA,TAMARA,"0112"
2686,Tabby Saudi For communication and IT,50011,"52008",AlQurashi-KSA,Vend,Vend Invoice,"1",Bank Charge,RABWA,Vend HQ,,Cash Rounding,SA,TABBY,"0112"
1720,Tabby Saudi For communication and IT,50011,"52021",AlQurashi-KSA,Vend,Vend Invoice,"1",Bank Charge,RASHIDJZN,Vend HQ,,Cash Rounding,SA,TABBY,"1302"
2720,Nakhla IT Systems (LLC) Tamara,69011,"52040",AlQurashi-KSA,Vend,Vend Invoice,"1",Bank Charge,RASHIDJZN,Vend HQ,,Cash Rounding,SA,TAMARA,"1302"
1727,Tabby Saudi For communication and IT,50011,"52011",AlQurashi-KSA,Vend,Vend Invoice,"1",Bank Charge,PARKHMT,Vend HQ,,Cash Rounding,SA,TABBY,"1002"
2727,Nakhla IT Systems (LLC) Tamara,69011,"52027",AlQurashi-KSA,Vend,Vend Invoice,"1",Bank Charge,PARKHMT,Vend HQ,,Cash Rounding,SA,TAMARA,"1002"
1726,Tabby Saudi For communication and IT,50011,"52022",AlQurashi-KSA,Vend,Vend Invoice,"1",Bank Charge,VILLAGEHMT,Vend HQ,,Cash Rounding,SA,TABBY,"0215"
2726,Nakhla IT Systems (LLC) Tamara,69011,"52034",AlQurashi-KSA,Vend,Vend Invoice,"1",Bank Charge,VILLAGEHMT,Vend HQ,,Cash Rounding,SA,TAMARA,"0215"
1723,Tabby Saudi For communication and IT,50011,"52013",AlQurashi-KSA,Vend,Vend Invoice,"1",Bank Charge,HAFRBATIN,Vend HQ,,Cash Rounding,SA,TABBY,"0803"
2723,Nakhla IT Systems (LLC) Tamara,69011,"52029",AlQurashi-KSA,Vend,Vend Invoice,"1",Bank Charge,HAFRBATIN,Vend HQ,,Cash Rounding,SA,TAMARA,"0803"
1724,Tabby Saudi For communication and IT,50011,"52005",AlQurashi-KSA,Vend,Vend Invoice,"1",Bank Charge,BUROTHAIM,Vend HQ,,Cash Rounding,SA,TABBY,"1103"
2724,Nakhla IT Systems (LLC) Tamara,69011,"52031",AlQurashi-KSA,Vend,Vend Invoice,"1",Bank Charge,BUROTHAIM,Vend HQ,,Cash Rounding,SA,TAMARA,"1103"
1718,Tabby Saudi For communication and IT,50011,"52012",AlQurashi-KSA,Vend,Vend Invoice,"1",Bank Charge,WADILABAN,Vend HQ,,Cash Rounding,SA,TABBY,"0115"
2718,Nakhla IT Systems (LLC) Tamara,69011,"52023",AlQurashi-KSA,Vend,Vend Invoice,"1",Bank Charge,WADILABAN,Vend HQ,,Cash Rounding,SA,TAMARA,"0115"
1663,Tabby Saudi For communication and IT,50011,"52007",AlQurashi-KSA,Vend,Vend Invoice,"1",Bank Charge,EXBSA03,Vend HQ,,Cash Rounding,SA,TABBY,"0110"
2663,Nakhla IT Systems (LLC) Tamara,69011,"52028",AlQurashi-KSA,Vend,Vend Invoice,"1",Bank Charge,EXBSA03,Vend HQ,,Cash Rounding,SA,TAMARA,"0110"
1664,Tabby Saudi For communication and IT,50011,"52004",AlQurashi-KSA,Vend,Vend Invoice,"1",Bank Charge,EXBSA04,Vend HQ,,Cash Rounding,SA,TABBY,"0110"
2664,Nakhla IT Systems (LLC) Tamara,69011,"52035",AlQurashi-KSA,Vend,Vend Invoice,"1",Bank Charge,EXBSA04,Vend HQ,,Cash Rounding,SA,TAMARA,"0110"
1722,Tabby Saudi For communication and IT,50011,"52014",AlQurashi-KSA,Vend,Vend Invoice,"1",Bank Charge,KHAFOTHAIM,Vend HQ,,Cash Rounding,SA,TABBY,"0802"
2722,Nakhla IT Systems (LLC) Tamara,69011,"52026",AlQurashi-KSA,Vend,Vend Invoice,"1",Bank Charge,KHAFOTHAIM,Vend HQ,,Cash Rounding,SA,TAMARA,"0802"
1719,Tabby Saudi For communication and IT,50011,"52019",AlQurashi-KSA,Vend,Vend Invoice,"1",Bank Charge,RASHIDABHA,Vend HQ,,Cash Rounding,SA,TABBY,"0502"
2719,Nakhla IT Systems (LLC) Tamara,69011,"52038",AlQurashi-KSA,Vend,Vend Invoice,"1",Bank Charge,RASHIDABHA,Vend HQ,,Cash Rounding,SA,TAMARA,"0502"
1721,Tabby Saudi For communication and IT,50011,"52006",AlQurashi-KSA,Vend,Vend Invoice,"1",Bank Charge,RASHIDMAD,Vend HQ,,Cash Rounding,SA,TABBY,"0303"
23731508,Nakhla IT Systems (LLC) Tamara,69011,"87011",AlQurashi-KSA,Vend,Vend Invoice,"1",Bank Charge,RYDSAWARIP,Vend HQ,,Cash Rounding,SA,TAMARA,"0131"
23731509,Mrsool,45015,"87007",AlQurashi-KSA,Vend,Vend Invoice,"1",Bank Charge,RYDSAWARIP,Vend HQ,,Cash Rounding,SA,MRSOOL,"0131"
23731510,ABHATIMSQR,100016,"87004",AlQurashi-KSA,Vend,Vend Invoice,"1",Bank Charge,ABHATIMSQR,Vend HQ,,Cash Rounding,SA,NORMAL,"0507"
23731511,Hungerstation,45014,"87006",AlQurashi-KSA,Vend,Vend Invoice,"1",Bank Charge,ABHATIMSQR,Vend HQ,,Cash Rounding,SA,HUNGERSTATION,"0507"
23731512,Tabby Saudi For communication and IT,50011,"87010",AlQurashi-KSA,Vend,Vend Invoice,"1",Bank Charge,ABHATIMSQR,Vend HQ,,Cash Rounding,SA,TABBY,"0507"
23731513,Nakhla IT Systems (LLC) Tamara,69011,"87012",AlQurashi-KSA,Vend,Vend Invoice,"1",Bank Charge,ABHATIMSQR,Vend HQ,,Cash Rounding,SA,TAMARA,"0507"
23731514,Mrsool,45015,"87008",AlQurashi-KSA,Vend,Vend Invoice,"1",Bank Charge,ABHATIMSQR,Vend HQ,,Cash Rounding,SA,MRSOOL,"0507"
23731517,Tabby Saudi For communication and IT,50011,"90006",AlQurashi-KSA,Vend,Vend Invoice,"1",Bank Charge,TOWNSQJED,Vend HQ,,Cash Rounding,SA,TABBY,"227"
23731518,Hungerstation,45014,"90004",AlQurashi-KSA,Vend,Vend Invoice,"1",Bank Charge,TOWNSQJED,Vend HQ,,Cash Rounding,SA,HUNGERSTATION,"227"
23731519,TOWNSQJED,104012,"90003",AlQurashi-KSA,Vend,Vend Invoice,"1",Bank Charge,TOWNSQJED,Vend HQ,,Cash Rounding,SA,NORMAL,"227"
23731532,Tabby Saudi For communication and IT,50011,"91011",AlQurashi-KSA,Vend,Vend Invoice,"1",Bank Charge,KHOQOSAIBI,Vend HQ,,Cash Rounding,SA,TABBY,"402"
23731531,Hungerstation,45014,"92004",AlQurashi-KSA,Vend,Vend Invoice,"1",Bank Charge,KHOQOSAIBI,Vend HQ,,Cash Rounding,SA,HUNGERSTATION,"402"
23731530,KHOQOSAIBI,106012,"92003",AlQurashi-KSA,Vend,Vend Invoice,"1",Bank Charge,KHOQOSAIBI,Vend HQ,,Cash Rounding,SA,NORMAL,"402"
23731540,SAMTAHMALL,108012,"95003",AlQurashi-KSA,Vend,Vend Invoice,"1",Bank Charge,SAMTAHMALL,Vend HQ,,Cash Rounding,SA,NORMAL,"1306"
23731541,Hungerstation,45014,"95004",AlQurashi-KSA,Vend,Vend Invoice,"1",Bank Charge,SAMTAHMALL,Vend HQ,,Cash Rounding,SA,HUNGERSTATION,"1306"
23731557,Tabby Saudi For communication and IT,50011,"96025",AlQurashi-KSA,Vend,Vend Invoice,"1",Bank Charge,WATANIYAHB,Vend HQ,,Cash Rounding,SA,TABBY,"0804"
23731552,Tabby Saudi For communication and IT,50011,"95006",AlQurashi-KSA,Vend,Vend Invoice,"1",Bank Charge,SAMTAHMALL,Vend HQ,,Cash Rounding,SA,TABBY,"1306"
23731553,Nakhla IT Systems (LLC) Tamara,69011,"95007",AlQurashi-KSA,Vend,Vend Invoice,"1",Bank Charge,SAMTAHMALL,Vend HQ,,Cash Rounding,SA,TAMARA,"1306"
23731554,Mrsool,45015,"95005",AlQurashi-KSA,Vend,Vend Invoice,"1",Bank Charge,SAMTAHMALL,Vend HQ,,Cash Rounding,SA,MRSOOL,"1306"
23731559,Mrsool,45015,"96031",AlQurashi-KSA,Vend,Vend Invoice,"1",Bank Charge,WATANIYAHB,Vend HQ,,Cash Rounding,SA,MRSOOL,"0804"
23731558,Nakhla IT Systems (LLC) Tamara,69011,"96028",AlQurashi-KSA,Vend,Vend Invoice,"1",Bank Charge,WATANIYAHB,Vend HQ,,Cash Rounding,SA,TAMARA,"0804"
23731556,Hungerstation,45014,"96022",AlQurashi-KSA,Vend,Vend Invoice,"1",Bank Charge,WATANIYAHB,Vend HQ,,Cash Rounding,SA,HUNGERSTATION,"0804"
23731555,WATANIYAHB,110013,"96019",AlQurashi-KSA,Vend,Vend Invoice,"1",Bank Charge,WATANIYAHB,Vend HQ,,Cash Rounding,SA,NORMAL,"0804"
2368291,Nakhla IT Systems (LLC) Tamara,69011,"82023",AlQurashi-KSA,Vend,Vend Invoice,"1",Bank Charge,SABIAYASMN,Vend HQ,,Cash Rounding,SA,TAMARA,"1304"
2368281,Tabby Saudi For communication and IT,50011,"82018",AlQurashi-KSA,Vend,Vend Invoice,"1",Bank Charge,SABIAYASMN,Vend HQ,,Cash Rounding,SA,TABBY,"1304"
2368271,Mrsool,45015,"82013",AlQurashi-KSA,Vend,Vend Invoice,"1",Bank Charge,SABIAYASMN,Vend HQ,,Cash Rounding,SA,MRSOOL,"1304"
2368261,Hungerstation,45014,"82008",AlQurashi-KSA,Vend,Vend Invoice,"1",Bank Charge,SABIAYASMN,Vend HQ,,Cash Rounding,SA,HUNGERSTATION,"1304"
2368251,SABIAYASMN,95013,"82003",AlQurashi-KSA,Vend,Vend Invoice,"1",Bank Charge,SABIAYASMN,Vend HQ,,Cash Rounding,SA,NORMAL,"1304"
2369291,Nakhla IT Systems (LLC) Tamara,69011,"82024",AlQurashi-KSA,Vend,Vend Invoice,"1",Bank Charge,MAKAHMEJAZ,Vend HQ,,Cash Rounding,SA,TAMARA,"1409"
2369281,Tabby Saudi For communication and IT,50011,"82019",AlQurashi-KSA,Vend,Vend Invoice,"1",Bank Charge,MAKAHMEJAZ,Vend HQ,,Cash Rounding,SA,TABBY,"1409"
2369271,Mrsool,45015,"82014",AlQurashi-KSA,Vend,Vend Invoice,"1",Bank Charge,MAKAHMEJAZ,Vend HQ,,Cash Rounding,SA,MRSOOL,"1409"
2369261,Hungerstation,45014,"82009",AlQurashi-KSA,Vend,Vend Invoice,"1",Bank Charge,MAKAHMEJAZ,Vend HQ,,Cash Rounding,SA,HUNGERSTATION,"1409"
2369251,MAKAHMEJAZ,95014,"82004",AlQurashi-KSA,Vend,Vend Invoice,"1",Bank Charge,MAKAHMEJAZ,Vend HQ,,Cash Rounding,SA,NORMAL,"1409"
2370291,Nakhla IT Systems (LLC) Tamara,69011,"82025",AlQurashi-KSA,Vend,Vend Invoice,"1",Bank Charge,NAJKINGROD,Vend HQ,,Cash Rounding,SA,TAMARA,"1307"
2370281,Tabby Saudi For communication and IT,50011,"82020",AlQurashi-KSA,Vend,Vend Invoice,"1",Bank Charge,NAJKINGROD,Vend HQ,,Cash Rounding,SA,TABBY,"1307"
2370271,Mrsool,45015,"82015",AlQurashi-KSA,Vend,Vend Invoice,"1",Bank Charge,NAJKINGROD,Vend HQ,,Cash Rounding,SA,MRSOOL,"1307"
2370261,Hungerstation,45014,"82010",AlQurashi-KSA,Vend,Vend Invoice,"1",Bank Charge,NAJKINGROD,Vend HQ,,Cash Rounding,SA,HUNGERSTATION,"1307"
2370251,NAJKINGROD,95015,"82005",AlQurashi-KSA,Vend,Vend Invoice,"1",Bank Charge,NAJKINGROD,Vend HQ,,Cash Rounding,SA,NORMAL,"1307"
2371291,Nakhla IT Systems (LLC) Tamara,69011,"82026",AlQurashi-KSA,Vend,Vend Invoice,"1",Bank Charge,NAJRANPLZA,Vend HQ,,Cash Rounding,SA,TAMARA,"1308"
2371281,Tabby Saudi For communication and IT,50011,"82021",AlQurashi-KSA,Vend,Vend Invoice,"1",Bank Charge,NAJRANPLZA,Vend HQ,,Cash Rounding,SA,TABBY,"1308"
2371271,Mrsool,45015,"82016",AlQurashi-KSA,Vend,Vend Invoice,"1",Bank Charge,NAJRANPLZA,Vend HQ,,Cash Rounding,SA,MRSOOL,"1308"
2371261,Hungerstation,45014,"82011",AlQurashi-KSA,Vend,Vend Invoice,"1",Bank Charge,NAJRANPLZA,Vend HQ,,Cash Rounding,SA,HUNGERSTATION,"1308"
2371251,NAJRANPLZA,95017,"82006",AlQurashi-KSA,Vend,Vend Invoice,"1",Bank Charge,NAJRANPLZA,Vend HQ,,Cash Rounding,SA,NORMAL,"1308"
2366844,Nakhla IT Systems (LLC) Tamara,69011,"74045",AlQurashi-KSA,Vend,Vend Invoice,"1",Bank Charge,SMARTSHRYD,Vend HQ,,Cash Rounding,SA,TAMARA,"1405"
2366845,HAMDANYA2,88016,"74005",AlQurashi-KSA,Vend,Vend Invoice,"1",Bank Charge,HAMDANYA2,Vend HQ,,Cash Rounding,SA,NORMAL,"1005"
2366846,Hungerstation,45014,"74016",AlQurashi-KSA,Vend,Vend Invoice,"1",Bank Charge,HAMDANYA2,Vend HQ,,Cash Rounding,SA,HUNGERSTATION,"1005"
2366847,Mrsool,45015,"74026",AlQurashi-KSA,Vend,Vend Invoice,"1",Bank Charge,HAMDANYA2,Vend HQ,,Cash Rounding,SA,MRSOOL,"1005"
2366848,Tabby Saudi For communication and IT,50011,"74036",AlQurashi-KSA,Vend,Vend Invoice,"1",Bank Charge,HAMDANYA2,Vend HQ,,Cash Rounding,SA,TABBY,"1005"
2366849,Nakhla IT Systems (LLC) Tamara,69011,"74046",AlQurashi-KSA,Vend,Vend Invoice,"1",Bank Charge,HAMDANYA2,Vend HQ,,Cash Rounding,SA,TAMARA,"1005"
2366850,TAIBAMED,88017,"74007",AlQurashi-KSA,Vend,Vend Invoice,"1",Bank Charge,TAIBAMED,Vend HQ,,Cash Rounding,SA,NORMAL,"1303"
2366851,Hungerstation,45014,"74017",AlQurashi-KSA,Vend,Vend Invoice,"1",Bank Charge,TAIBAMED,Vend HQ,,Cash Rounding,SA,HUNGERSTATION,"1303"
2366852,Mrsool,45015,"74027",AlQurashi-KSA,Vend,Vend Invoice,"1",Bank Charge,TAIBAMED,Vend HQ,,Cash Rounding,SA,MRSOOL,"1303"
2366853,Tabby Saudi For communication and IT,50011,"74037",AlQurashi-KSA,Vend,Vend Invoice,"1",Bank Charge,TAIBAMED,Vend HQ,,Cash Rounding,SA,TABBY,"1303"
2366854,Nakhla IT Systems (LLC) Tamara,69011,"74047",AlQurashi-KSA,Vend,Vend Invoice,"1",Bank Charge,TAIBAMED,Vend HQ,,Cash Rounding,SA,TAMARA,"1303"
2366860,ALAQEQRYD,88019,"74009",AlQurashi-KSA,Vend,Vend Invoice,"1",Bank Charge,ALAQEQRYD,Vend HQ,,Cash Rounding,SA,NORMAL,"0123"
2366861,Hungerstation,45014,"74019",AlQurashi-KSA,Vend,Vend Invoice,"1",Bank Charge,ALAQEQRYD,Vend HQ,,Cash Rounding,SA,HUNGERSTATION,"0123"
2366862,Mrsool,45015,"74029",AlQurashi-KSA,Vend,Vend Invoice,"1",Bank Charge,ALAQEQRYD,Vend HQ,,Cash Rounding,SA,MRSOOL,"0123"
2366863,Tabby Saudi For communication and IT,50011,"74039",AlQurashi-KSA,Vend,Vend Invoice,"1",Bank Charge,ALAQEQRYD,Vend HQ,,Cash Rounding,SA,TABBY,"0123"
2366864,Nakhla IT Systems (LLC) Tamara,69011,"74049",AlQurashi-KSA,Vend,Vend Invoice,"1",Bank Charge,ALAQEQRYD,Vend HQ,,Cash Rounding,SA,TAMARA,"0123"
2366865,AZIZIARYD,88020,"74010",AlQurashi-KSA,Vend,Vend Invoice,"1",Bank Charge,AZIZIARYD,Vend HQ,,Cash Rounding,SA,NORMAL,"0124"
2366866,Hungerstation,45014,"74020",AlQurashi-KSA,Vend,Vend Invoice,"1",Bank Charge,AZIZIARYD,Vend HQ,,Cash Rounding,SA,HUNGERSTATION,"0124"
2366867,Mrsool,45015,"74030",AlQurashi-KSA,Vend,Vend Invoice,"1",Bank Charge,AZIZIARYD,Vend HQ,,Cash Rounding,SA,MRSOOL,"0124"
2366868,Tabby Saudi For communication and IT,50011,"74040",AlQurashi-KSA,Vend,Vend Invoice,"1",Bank Charge,AZIZIARYD,Vend HQ,,Cash Rounding,SA,TABBY,"0124"
2366869,Nakhla IT Systems (LLC) Tamara,69011,"74050",AlQurashi-KSA,Vend,Vend Invoice,"1",Bank Charge,AZIZIARYD,Vend HQ,,Cash Rounding,SA,TAMARA,"0124"
2366870,THEGATERYD,88021,"74011",AlQurashi-KSA,Vend,Vend Invoice,"1",Bank Charge,THEGATERYD,Vend HQ,,Cash Rounding,SA,NORMAL,"1004"
2366871,Hungerstation,45014,"74021",AlQurashi-KSA,Vend,Vend Invoice,"1",Bank Charge,THEGATERYD,Vend HQ,,Cash Rounding,SA,HUNGERSTATION,"1004"
2366872,Mrsool,45015,"74031",AlQurashi-KSA,Vend,Vend Invoice,"1",Bank Charge,THEGATERYD,Vend HQ,,Cash Rounding,SA,MRSOOL,"1004"
2366873,Tabby Saudi For communication and IT,50011,"74041",AlQurashi-KSA,Vend,Vend Invoice,"1",Bank Charge,THEGATERYD,Vend HQ,,Cash Rounding,SA,TABBY,"1004"
2366874,Nakhla IT Systems (LLC) Tamara,69011,"74051",AlQurashi-KSA,Vend,Vend Invoice,"1",Bank Charge,THEGATERYD,Vend HQ,,Cash Rounding,SA,TAMARA,"1004"
2366875,ALMALGARYD,88022,"74012",AlQurashi-KSA,Vend,Vend Invoice,"1",Bank Charge,ALMALGARYD,Vend HQ,,Cash Rounding,SA,NORMAL,"1003"
2366876,Hungerstation,45014,"74022",AlQurashi-KSA,Vend,Vend Invoice,"1",Bank Charge,ALMALGARYD,Vend HQ,,Cash Rounding,SA,HUNGERSTATION,"1003"
2366877,Mrsool,45015,"74032",AlQurashi-KSA,Vend,Vend Invoice,"1",Bank Charge,ALMALGARYD,Vend HQ,,Cash Rounding,SA,MRSOOL,"1003"
2366878,Tabby Saudi For communication and IT,50011,"74042",AlQurashi-KSA,Vend,Vend Invoice,"1",Bank Charge,ALMALGARYD,Vend HQ,,Cash Rounding,SA,TABBY,"1003"
2366879,Nakhla IT Systems (LLC) Tamara,69011,"74052",AlQurashi-KSA,Vend,Vend Invoice,"1",Bank Charge,ALMALGARYD,Vend HQ,,Cash Rounding,SA,TAMARA,"1003"
2366880,MEDTHEGATE,88023,"74013",AlQurashi-KSA,Vend,Vend Invoice,"1",Bank Charge,MEDTHEGATE,Vend HQ,,Cash Rounding,SA,NORMAL,"0221"
2366881,Hungerstation,45014,"74023",AlQurashi-KSA,Vend,Vend Invoice,"1",Bank Charge,MEDTHEGATE,Vend HQ,,Cash Rounding,SA,HUNGERSTATION,"0221"
2366882,Mrsool,45015,"74033",AlQurashi-KSA,Vend,Vend Invoice,"1",Bank Charge,MEDTHEGATE,Vend HQ,,Cash Rounding,SA,MRSOOL,"0221"
2366883,Tabby Saudi For communication and IT,50011,"74043",AlQurashi-KSA,Vend,Vend Invoice,"1",Bank Charge,MEDTHEGATE,Vend HQ,,Cash Rounding,SA,TABBY,"0221"
2366884,Nakhla IT Systems (LLC) Tamara,69011,"74053",AlQurashi-KSA,Vend,Vend Invoice,"1",Bank Charge,MEDTHEGATE,Vend HQ,,Cash Rounding,SA,TAMARA,"0221"
236810,HILTONMAK2,93012,"78003",AlQurashi-KSA,Vend,Vend Invoice,"1",Bank Charge,HILTONMAK2,Vend HQ,,Cash Rounding,SA,NORMAL,"1408"
236811,Hungerstation,45014,"80003",AlQurashi-KSA,Vend,Vend Invoice,"1",Bank Charge,HILTONMAK2,Vend HQ,,Cash Rounding,SA,HUNGERSTATION,"1408"
236812,Mrsool,45015,"80004",AlQurashi-KSA,Vend,Vend Invoice,"1",Bank Charge,HILTONMAK2,Vend HQ,,Cash Rounding,SA,MRSOOL,"1408"
236813,Tabby Saudi For communication and IT,50011,"80005",AlQurashi-KSA,Vend,Vend Invoice,"1",Bank Charge,HILTONMAK2,Vend HQ,,Cash Rounding,SA,TABBY,"1408"
236814,Nakhla IT Systems (LLC) Tamara,69011,"80006",AlQurashi-KSA,Vend,Vend Invoice,"1",Bank Charge,HILTONMAK2,Vend HQ,,Cash Rounding,SA,TAMARA,"1408"
23731500,KHAMISKKHD,98014,"84005",AlQurashi-KSA,Vend,Vend Invoice,"1",Bank Charge,KHAMISKKHD,Vend HQ,,Cash Rounding,SA,NORMAL,"0506"
23731501,Hungerstation,45014,"84008",AlQurashi-KSA,Vend,Vend Invoice,"1",Bank Charge,KHAMISKKHD,Vend HQ,,Cash Rounding,SA,HUNGERSTATION,"0506"
23731502,Tabby Saudi For communication and IT,50011,"84014",AlQurashi-KSA,Vend,Vend Invoice,"1",Bank Charge,KHAMISKKHD,Vend HQ,,Cash Rounding,SA,TABBY,"0506"
23731507,Tabby Saudi For communication and IT,50011,"87009",AlQurashi-KSA,Vend,Vend Invoice,"1",Bank Charge,RYDSAWARIP,Vend HQ,,Cash Rounding,SA,TABBY,"0131"
1645,Nakhla IT Systems (LLC) Tamara,69011,"51061",AlQurashi-KSA,Vend,Vend Invoice,"1",Bank Charge,RYDGALLER,Vend HQ,,Cash Rounding,SA,TAMARA,"0000"
3645,Tabby Saudi For communication and IT,50011,"51120",AlQurashi-KSA,Vend,Vend Invoice,"1",Bank Charge,HAYAT,Vend HQ,,Cash Rounding,SA,TABBY,"0104"
2645,Nakhla IT Systems (LLC) Tamara,69011,"51003",AlQurashi-KSA,Vend,Vend Invoice,"1",Bank Charge,HAYAT,Vend HQ,,Cash Rounding,SA,TAMARA,"0104"
1629,Tabby Saudi For communication and IT,50011,"51114",AlQurashi-KSA,Vend,Vend Invoice,"1",Bank Charge,ZAHRAN,Vend HQ,,Cash Rounding,SA,TABBY,"0601"
2629,Nakhla IT Systems (LLC) Tamara,69011,"51066",AlQurashi-KSA,Vend,Vend Invoice,"1",Bank Charge,ZAHRAN,Vend HQ,,Cash Rounding,SA,TAMARA,"0601"
1621,Tabby Saudi For communication and IT,50011,"51101",AlQurashi-KSA,Vend,Vend Invoice,"1",Bank Charge,HAMRAA,Vend HQ,,Cash Rounding,SA,TABBY,"0108"
2621,Nakhla IT Systems (LLC) Tamara,69011,"51051",AlQurashi-KSA,Vend,Vend Invoice,"1",Bank Charge,HAMRAA,Vend HQ,,Cash Rounding,SA,TAMARA,"0108"
1630,Tabby Saudi For communication and IT,50011,"51109",AlQurashi-KSA,Vend,Vend Invoice,"1",Bank Charge,EHSAA,Vend HQ,,Cash Rounding,SA,TABBY,"0801"
2630,Nakhla IT Systems (LLC) Tamara,69011,"51079",AlQurashi-KSA,Vend,Vend Invoice,"1",Bank Charge,EHSAA,Vend HQ,,Cash Rounding,SA,TAMARA,"0801"
1628,Tabby Saudi For communication and IT,50011,"51125",AlQurashi-KSA,Vend,Vend Invoice,"1",Bank Charge,JUBAIL,Vend HQ,,Cash Rounding,SA,TABBY,"0901"
2628,Nakhla IT Systems (LLC) Tamara,69011,"51060",AlQurashi-KSA,Vend,Vend Invoice,"1",Bank Charge,JUBAIL,Vend HQ,,Cash Rounding,SA,TAMARA,"0901"
1624,Tabby Saudi For communication and IT,50011,"51099",AlQurashi-KSA,Vend,Vend Invoice,"1",Bank Charge,MANAR,Vend HQ,,Cash Rounding,SA,TABBY,"0301"
2624,Nakhla IT Systems (LLC) Tamara,69011,"51057",AlQurashi-KSA,Vend,Vend Invoice,"1",Bank Charge,MANAR,Vend HQ,,Cash Rounding,SA,TAMARA,"0301"
1618,Tabby Saudi For communication and IT,50011,"51092",AlQurashi-KSA,Vend,Vend Invoice,"1",Bank Charge,NAKHELMALL,Vend HQ,,Cash Rounding,SA,TABBY,"0105"
2618,Nakhla IT Systems (LLC) Tamara,69011,"51045",AlQurashi-KSA,Vend,Vend Invoice,"1",Bank Charge,NAKHELMALL,Vend HQ,,Cash Rounding,SA,TAMARA,"0105"
1631,Tabby Saudi For communication and IT,50011,"51116",AlQurashi-KSA,Vend,Vend Invoice,"1",Bank Charge,NAKJPLAZA,Vend HQ,,Cash Rounding,SA,TABBY,"1101"
2631,Nakhla IT Systems (LLC) Tamara,69011,"51082",AlQurashi-KSA,Vend,Vend Invoice,"1",Bank Charge,NAKJPLAZA,Vend HQ,,Cash Rounding,SA,TAMARA,"1101"
1622,Tabby Saudi For communication and IT,50011,"51121",AlQurashi-KSA,Vend,Vend Invoice,"1",Bank Charge,SALAMRYD,Vend HQ,,Cash Rounding,SA,TABBY,"0109"
2622,Nakhla IT Systems (LLC) Tamara,69011,"51070",AlQurashi-KSA,Vend,Vend Invoice,"1",Bank Charge,SALAMRYD,Vend HQ,,Cash Rounding,SA,TAMARA,"0109"
1668,Tabby Saudi For communication and IT,50011,"51111",AlQurashi-KSA,Vend,Vend Invoice,"1",Bank Charge,ALULA,Vend HQ,,Cash Rounding,SA,TABBY,"1502"
2668,Nakhla IT Systems (LLC) Tamara,69011,"51074",AlQurashi-KSA,Vend,Vend Invoice,"1",Bank Charge,ALULA,Vend HQ,,Cash Rounding,SA,TAMARA,"1502"
1653,Tabby Saudi For communication and IT,50011,"51115",AlQurashi-KSA,Vend,Vend Invoice,"1",Bank Charge,AMWAJ,Vend HQ,,Cash Rounding,SA,TABBY,"0401"
2653,Nakhla IT Systems (LLC) Tamara,69011,"51063",AlQurashi-KSA,Vend,Vend Invoice,"1",Bank Charge,AMWAJ,Vend HQ,,Cash Rounding,SA,TAMARA,"0401"
1648,Tabby Saudi For communication and IT,50011,"51126",AlQurashi-KSA,Vend,Vend Invoice,"1",Bank Charge,ANDLUS,Vend HQ,,Cash Rounding,SA,TABBY,"0203"
2648,Nakhla IT Systems (LLC) Tamara,69011,"51083",AlQurashi-KSA,Vend,Vend Invoice,"1",Bank Charge,ANDLUS,Vend HQ,,Cash Rounding,SA,TAMARA,"0203"
1665,Tabby Saudi For communication and IT,50011,"51113",AlQurashi-KSA,Vend,Vend Invoice,"1",Bank Charge,ARABMALL,Vend HQ,,Cash Rounding,SA,TABBY,"0210"
2665,Nakhla IT Systems (LLC) Tamara,69011,"51058",AlQurashi-KSA,Vend,Vend Invoice,"1",Bank Charge,ARABMALL,Vend HQ,,Cash Rounding,SA,TAMARA,"0210"
1635,Tabby Saudi For communication and IT,50011,"51086",AlQurashi-KSA,Vend,Vend Invoice,"1",Bank Charge,ASEER,Vend HQ,,Cash Rounding,SA,TABBY,"0501"
2635,Nakhla IT Systems (LLC) Tamara,69011,"51055",AlQurashi-KSA,Vend,Vend Invoice,"1",Bank Charge,ASEER,Vend HQ,,Cash Rounding,SA,TAMARA,"0501"
1654,Tabby Saudi For communication and IT,50011,"51122",AlQurashi-KSA,Vend,Vend Invoice,"1",Bank Charge,AZIZMALL,Vend HQ,,Cash Rounding,SA,TABBY,"0206"
2654,Nakhla IT Systems (LLC) Tamara,69011,"51084",AlQurashi-KSA,Vend,Vend Invoice,"1",Bank Charge,AZIZMALL,Vend HQ,,Cash Rounding,SA,TAMARA,"0206"
1662,Tabby Saudi For communication and IT,50011,"51087",AlQurashi-KSA,Vend,Vend Invoice,"1",Bank Charge,DANA,Vend HQ,,Cash Rounding,SA,TABBY,"1701"
2662,Nakhla IT Systems (LLC) Tamara,69011,"51075",AlQurashi-KSA,Vend,Vend Invoice,"1",Bank Charge,DANA,Vend HQ,,Cash Rounding,SA,TAMARA,"1701"
1626,Tabby Saudi For communication and IT,50011,"51088",AlQurashi-KSA,Vend,Vend Invoice,"1",Bank Charge,DAREEN,Vend HQ,,Cash Rounding,SA,TABBY,"0701"
2626,Nakhla IT Systems (LLC) Tamara,69011,"51048",AlQurashi-KSA,Vend,Vend Invoice,"1",Bank Charge,DAREEN,Vend HQ,,Cash Rounding,SA,TAMARA,"0701"
1650,Tabby Saudi For communication and IT,50011,"51127",AlQurashi-KSA,Vend,Vend Invoice,"1",Bank Charge,FLAMINGO,Vend HQ,,Cash Rounding,SA,TABBY,"0205"
2650,Nakhla IT Systems (LLC) Tamara,69011,"51062",AlQurashi-KSA,Vend,Vend Invoice,"1",Bank Charge,FLAMINGO,Vend HQ,,Cash Rounding,SA,TAMARA,"0205"
1694,Tabby Saudi For communication and IT,50011,"51117",AlQurashi-KSA,Vend,Vend Invoice,"1",Bank Charge,GRANADA,Vend HQ,,Cash Rounding,SA,TABBY,"0110"
2694,Nakhla IT Systems (LLC) Tamara,69011,"51052",AlQurashi-KSA,Vend,Vend Invoice,"1",Bank Charge,GRANADA,Vend HQ,,Cash Rounding,SA,TAMARA,"0110"
1655,Tabby Saudi For communication and IT,50011,"51096",AlQurashi-KSA,Vend,Vend Invoice,"1",Bank Charge,HAIFAA,Vend HQ,,Cash Rounding,SA,TABBY,"0209"
2655,Nakhla IT Systems (LLC) Tamara,69011,"51072",AlQurashi-KSA,Vend,Vend Invoice,"1",Bank Charge,HAIFAA,Vend HQ,,Cash Rounding,SA,TAMARA,"0209"
1632,Tabby Saudi For communication and IT,50011,"51098",AlQurashi-KSA,Vend,Vend Invoice,"1",Bank Charge,KADI,Vend HQ,,Cash Rounding,SA,TABBY,"1301"
2632,Nakhla IT Systems (LLC) Tamara,69011,"51078",AlQurashi-KSA,Vend,Vend Invoice,"1",Bank Charge,KADI,Vend HQ,,Cash Rounding,SA,TAMARA,"1301"
1625,Tabby Saudi For communication and IT,50011,"51093",AlQurashi-KSA,Vend,Vend Invoice,"1",Bank Charge,JURIMALL,Vend HQ,,Cash Rounding,SA,TABBY,"1001"
2625,Nakhla IT Systems (LLC) Tamara,69011,"51047",AlQurashi-KSA,Vend,Vend Invoice,"1",Bank Charge,JURIMALL,Vend HQ,,Cash Rounding,SA,TAMARA,"1001"
1620,Tabby Saudi For communication and IT,50011,"51106",AlQurashi-KSA,Vend,Vend Invoice,"1",Bank Charge,KHERAIS,Vend HQ,,Cash Rounding,SA,TABBY,"0107"
2620,Nakhla IT Systems (LLC) Tamara,69011,"51049",AlQurashi-KSA,Vend,Vend Invoice,"1",Bank Charge,KHERAIS,Vend HQ,,Cash Rounding,SA,TAMARA,"0107"
1649,Tabby Saudi For communication and IT,50011,"51095",AlQurashi-KSA,Vend,Vend Invoice,"1",Bank Charge,MAHMAL,Vend HQ,,Cash Rounding,SA,TABBY,"0204"
23731791,Tabby Saudi For communication and IT,50011,"124052",AlQurashi-KSA,Vend,Vend Invoice,"1",Bank Charge,KHOBRRASHD,Vend HQ,,Cash Rounding,SA,TABBY,"0404"
23731790,Hungerstation,45014,"124050",AlQurashi-KSA,Vend,Vend Invoice,"1",Bank Charge,KHOBRRASHD,Vend HQ,,Cash Rounding,SA,HUNGERSTATION,"0404"
23731789,KHOBRRASHD,141022,"124049",AlQurashi-KSA,Vend,Vend Invoice,"1",Bank Charge,KHOBRRASHD,Vend HQ,,Cash Rounding,SA,NORMAL,"0404"
23731828,Mrsool,45015,"139031",AlQurashi-KSA,Vend,Vend Invoice,"1",Bank Charge,SKAKASHLHB,Vend HQ,,Cash Rounding,SA,MRSOOL,"1810"
23731827,Nakhla IT Systems (LLC) Tamara,69011,"139033",AlQurashi-KSA,Vend,Vend Invoice,"1",Bank Charge,SKAKASHLHB,Vend HQ,,Cash Rounding,SA,TAMARA,"1810"
23731826,Tabby Saudi For communication and IT,50011,"139032",AlQurashi-KSA,Vend,Vend Invoice,"1",Bank Charge,SKAKASHLHB,Vend HQ,,Cash Rounding,SA,TABBY,"1810"
23731825,Hungerstation,45014,"139030",AlQurashi-KSA,Vend,Vend Invoice,"1",Bank Charge,SKAKASHLHB,Vend HQ,,Cash Rounding,SA,HUNGERSTATION,"1810"
23731824,SKAKASHLHB,157020,"139029",AlQurashi-KSA,Vend,Vend Invoice,"1",Bank Charge,SKAKASHLHB,Vend HQ,,Cash Rounding,SA,NORMAL,"1810"
23731833,Mrsool,45015,"139036",AlQurashi-KSA,Vend,Vend Invoice,"1",Bank Charge,ARARWOMNMT,Vend HQ,,Cash Rounding,SA,MRSOOL,"1803"
23731832,Nakhla IT Systems (LLC) Tamara,69011,"139038",AlQurashi-KSA,Vend,Vend Invoice,"1",Bank Charge,ARARWOMNMT,Vend HQ,,Cash Rounding,SA,TAMARA,"1803"
23731831,Tabby Saudi For communication and IT,50011,"139037",AlQurashi-KSA,Vend,Vend Invoice,"1",Bank Charge,ARARWOMNMT,Vend HQ,,Cash Rounding,SA,TABBY,"1803"
23731830,Hungerstation,45014,"139035",AlQurashi-KSA,Vend,Vend Invoice,"1",Bank Charge,ARARWOMNMT,Vend HQ,,Cash Rounding,SA,HUNGERSTATION,"1803"
23731829,ARARWOMNMT,157021,"139034",AlQurashi-KSA,Vend,Vend Invoice,"1",Bank Charge,ARARWOMNMT,Vend HQ,,Cash Rounding,SA,NORMAL,"1803"
23731665,GALRYRYD2,138012,"121003",AlQurashi-KSA,Vend,Vend Invoice,"1",Bank Charge,GALRYRYD2,Vend HQ,,Cash Rounding,SA,NORMAL,"0148"
23731666,Mrsool,45015,"121005",AlQurashi-KSA,Vend,Vend Invoice,"1",Bank Charge,GALRYRYD2,Vend HQ,,Cash Rounding,SA,MRSOOL,"0148"
23731667,Hungerstation,45014,"121004",AlQurashi-KSA,Vend,Vend Invoice,"1",Bank Charge,GALRYRYD2,Vend HQ,,Cash Rounding,SA,HUNGERSTATION,"0148"
23731668,Tabby Saudi For communication and IT,50011,"121006",AlQurashi-KSA,Vend,Vend Invoice,"1",Bank Charge,GALRYRYD2,Vend HQ,,Cash Rounding,SA,TABBY,"0148"
23731669,Nakhla IT Systems (LLC) Tamara,69011,"121007",AlQurashi-KSA,Vend,Vend Invoice,"1",Bank Charge,GALRYRYD2,Vend HQ,,Cash Rounding,SA,TAMARA,"0148"
23731690,MAKDYAFAML,140018,"123033",AlQurashi-KSA,Vend,Vend Invoice,"1",Bank Charge,MAKDYAFAML,Vend HQ,,Cash Rounding,SA,NORMAL,"1415"
23731691,Nakhla IT Systems (LLC) Tamara,69011,"123037",AlQurashi-KSA,Vend,Vend Invoice,"1",Bank Charge,MAKDYAFAML,Vend HQ,,Cash Rounding,SA,TAMARA,"1415"
23731692,Tabby Saudi For communication and IT,50011,"123036",AlQurashi-KSA,Vend,Vend Invoice,"1",Bank Charge,MAKDYAFAML,Vend HQ,,Cash Rounding,SA,TABBY,"1415"
23731693,Hungerstation,45014,"123034",AlQurashi-KSA,Vend,Vend Invoice,"1",Bank Charge,MAKDYAFAML,Vend HQ,,Cash Rounding,SA,HUNGERSTATION,"1415"
23731694,Mrsool,45015,"123035",AlQurashi-KSA,Vend,Vend Invoice,"1",Bank Charge,MAKDYAFAML,Vend HQ,,Cash Rounding,SA,MRSOOL,"1415"
23731705,JEDMRWACTR,141024,"124059",AlQurashi-KSA,Vend,Vend Invoice,"1",Bank Charge,JEDMRWACTR,Vend HQ,,Cash Rounding,SA,NORMAL,"0244"
23731706,Mrsool,45015,"124061",AlQurashi-KSA,Vend,Vend Invoice,"1",Bank Charge,JEDMRWACTR,Vend HQ,,Cash Rounding,SA,MRSOOL,"0244"
23731707,Hungerstation,45014,"124060",AlQurashi-KSA,Vend,Vend Invoice,"1",Bank Charge,JEDMRWACTR,Vend HQ,,Cash Rounding,SA,HUNGERSTATION,"0244"
23731708,Tabby Saudi For communication and IT,50011,"124062",AlQurashi-KSA,Vend,Vend Invoice,"1",Bank Charge,JEDMRWACTR,Vend HQ,,Cash Rounding,SA,TABBY,"0244"
23731709,Nakhla IT Systems (LLC) Tamara,69011,"124063",AlQurashi-KSA,Vend,Vend Invoice,"1",Bank Charge,JEDMRWACTR,Vend HQ,,Cash Rounding,SA,TAMARA,"0244"
23731714,Nakhla IT Systems (LLC) Tamara,69011,"127012",AlQurashi-KSA,Vend,Vend Invoice,"1",Bank Charge,QATIFCC,Vend HQ,,Cash Rounding,SA,TAMARA,"0814"
23731713,Tabby Saudi For communication and IT,50011,"127011",AlQurashi-KSA,Vend,Vend Invoice,"1",Bank Charge,QATIFCC,Vend HQ,,Cash Rounding,SA,TABBY,"0814"
23731712,Hungerstation,45014,"127009",AlQurashi-KSA,Vend,Vend Invoice,"1",Bank Charge,QATIFCC,Vend HQ,,Cash Rounding,SA,HUNGERSTATION,"0814"
23731711,Mrsool,45015,"127010",AlQurashi-KSA,Vend,Vend Invoice,"1",Bank Charge,QATIFCC,Vend HQ,,Cash Rounding,SA,MRSOOL,"0814"
23731710,QATIFCC,144013,"127008",AlQurashi-KSA,Vend,Vend Invoice,"1",Bank Charge,QATIFCC,Vend HQ,,Cash Rounding,SA,NORMAL,"0814"
23731758,Nakhla IT Systems (LLC) Tamara,69011,"124073",AlQurashi-KSA,Vend,Vend Invoice,"1",Bank Charge,JEDWAHBLVD,Vend HQ,,Cash Rounding,SA,TAMARA,"0242"
23731757,Tabby Saudi For communication and IT,50011,"124072",AlQurashi-KSA,Vend,Vend Invoice,"1",Bank Charge,JEDWAHBLVD,Vend HQ,,Cash Rounding,SA,TABBY,"0242"
23731788,Mrsool,45015,"132033",AlQurashi-KSA,Vend,Vend Invoice,"1",Bank Charge,NJRANCFRNT,Vend HQ,,Cash Rounding,SA,MRSOOL,"1317"
23731787,Nakhla IT Systems (LLC) Tamara,69011,"132035",AlQurashi-KSA,Vend,Vend Invoice,"1",Bank Charge,NJRANCFRNT,Vend HQ,,Cash Rounding,SA,TAMARA,"1317"
23731786,Tabby Saudi For communication and IT,50011,"132034",AlQurashi-KSA,Vend,Vend Invoice,"1",Bank Charge,NJRANCFRNT,Vend HQ,,Cash Rounding,SA,TABBY,"1317"
23731785,Hungerstation,45014,"132032",AlQurashi-KSA,Vend,Vend Invoice,"1",Bank Charge,NJRANCFRNT,Vend HQ,,Cash Rounding,SA,HUNGERSTATION,"1317"
2721,Nakhla IT Systems (LLC) Tamara,69011,"52037",AlQurashi-KSA,Vend,Vend Invoice,"1",Bank Charge,RASHIDMAD,Vend HQ,,Cash Rounding,SA,TAMARA,"0303"
1728,Tabby Saudi For communication and IT,50011,"52017",AlQurashi-KSA,Vend,Vend Invoice,"1",Bank Charge,NAKHDMM,Vend HQ,,Cash Rounding,SA,TABBY,"0704"
2728,Nakhla IT Systems (LLC) Tamara,69011,"52042",AlQurashi-KSA,Vend,Vend Invoice,"1",Bank Charge,NAKHDMM,Vend HQ,,Cash Rounding,SA,TAMARA,"0704"
1725,Tabby Saudi For communication and IT,50011,"52020",AlQurashi-KSA,Vend,Vend Invoice,"1",Bank Charge,DAMMOTHAIM,Vend HQ,,Cash Rounding,SA,TABBY,"0703"
2725,Nakhla IT Systems (LLC) Tamara,69011,"52024",AlQurashi-KSA,Vend,Vend Invoice,"1",Bank Charge,DAMMOTHAIM,Vend HQ,,Cash Rounding,SA,TAMARA,"0703"
1688,Tabby Saudi For communication and IT,50011,"52009",AlQurashi-KSA,Vend,Vend Invoice,"1",Bank Charge,ARARMALL,Vend HQ,,Cash Rounding,SA,TABBY,"0113"
2688,Nakhla IT Systems (LLC) Tamara,69011,"52039",AlQurashi-KSA,Vend,Vend Invoice,"1",Bank Charge,ARARMALL,Vend HQ,,Cash Rounding,SA,TAMARA,"0113"
1674,Tabby Saudi For communication and IT,50011,"52018",AlQurashi-KSA,Vend,Vend Invoice,"1",Bank Charge,ONAIZAH,Vend HQ,,Cash Rounding,SA,TABBY,"1102"
2675,Nakhla IT Systems (LLC) Tamara,69011,"52036",AlQurashi-KSA,Vend,Vend Invoice,"1",Bank Charge,ONAIZAH,Vend HQ,,Cash Rounding,SA,TAMARA,"1102"
1669,Tabby Saudi For communication and IT,50011,"52010",AlQurashi-KSA,Vend,Vend Invoice,"1",Bank Charge,MAKTOWER,Vend HQ,,Cash Rounding,SA,TABBY,"1402"
566,Mrsool,45015,"31125",AlQurashi-KSA,Vend,Vend Invoice,"1",Bank Charge,NAKHELMALL,Vend HQ,,Cash Rounding,SA,MRSOOL,"0105"
567,Mrsool,45015,"31126",AlQurashi-KSA,Vend,Vend Invoice,"1",Bank Charge,TALAMALL,Vend HQ,,Cash Rounding,SA,MRSOOL,"0106"
568,Mrsool,45015,"31119",AlQurashi-KSA,Vend,Vend Invoice,"1",Bank Charge,KHERAIS,Vend HQ,,Cash Rounding,SA,MRSOOL,"0107"
569,Mrsool,45015,"31124",AlQurashi-KSA,Vend,Vend Invoice,"1",Bank Charge,HAMRAA,Vend HQ,,Cash Rounding,SA,MRSOOL,"0108"
570,Mrsool,45015,"31092",AlQurashi-KSA,Vend,Vend Invoice,"1",Bank Charge,SALAMRYD,Vend HQ,,Cash Rounding,SA,MRSOOL,"0109"
571,Mrsool,45015,"31121",AlQurashi-KSA,Vend,Vend Invoice,"1",Bank Charge,NOUR,Vend HQ,,Cash Rounding,SA,MRSOOL,"0302"
572,Mrsool,45015,"31093",AlQurashi-KSA,Vend,Vend Invoice,"1",Bank Charge,MANAR,Vend HQ,,Cash Rounding,SA,MRSOOL,"0301"
573,Mrsool,45015,"31099",AlQurashi-KSA,Vend,Vend Invoice,"1",Bank Charge,JURIMALL,Vend HQ,,Cash Rounding,SA,MRSOOL,"1001"
574,Mrsool,45015,"31127",AlQurashi-KSA,Vend,Vend Invoice,"1",Bank Charge,DAREEN,Vend HQ,,Cash Rounding,SA,MRSOOL,"0701"
575,Mrsool,45015,"31107",AlQurashi-KSA,Vend,Vend Invoice,"1",Bank Charge,WESTAVENUE,Vend HQ,,Cash Rounding,SA,MRSOOL,"0702"
576,Mrsool,45015,"31116",AlQurashi-KSA,Vend,Vend Invoice,"1",Bank Charge,JUBAIL,Vend HQ,,Cash Rounding,SA,MRSOOL,"0901"
577,Mrsool,45015,"31103",AlQurashi-KSA,Vend,Vend Invoice,"1",Bank Charge,ZAHRAN,Vend HQ,,Cash Rounding,SA,MRSOOL,"0601"
578,Mrsool,45015,"31133",AlQurashi-KSA,Vend,Vend Invoice,"1",Bank Charge,EHSAA,Vend HQ,,Cash Rounding,SA,MRSOOL,"0801"
579,Mrsool,45015,"31104",AlQurashi-KSA,Vend,Vend Invoice,"1",Bank Charge,NAKJPLAZA,Vend HQ,,Cash Rounding,SA,MRSOOL,"1101"
580,Mrsool,45015,"31114",AlQurashi-KSA,Vend,Vend Invoice,"1",Bank Charge,KADI,Vend HQ,,Cash Rounding,SA,MRSOOL,"1301"
581,Mrsool,45015,"31111",AlQurashi-KSA,Vend,Vend Invoice,"1",Bank Charge,SALAMAH,Vend HQ,,Cash Rounding,SA,MRSOOL,"1201"
582,Mrsool,45015,"31118",AlQurashi-KSA,Vend,Vend Invoice,"1",Bank Charge,TABOUK,Vend HQ,,Cash Rounding,SA,MRSOOL,"1501"
583,Mrsool,45015,"31100",AlQurashi-KSA,Vend,Vend Invoice,"1",Bank Charge,ASEER,Vend HQ,,Cash Rounding,SA,MRSOOL,"0501"
584,Mrsool,45015,"31106",AlQurashi-KSA,Vend,Vend Invoice,"1",Bank Charge,TAWAREN,Vend HQ,,Cash Rounding,SA,MRSOOL,"0101"
585,Mrsool,45015,"31128",AlQurashi-KSA,Vend,Vend Invoice,"1",Bank Charge,RYDGALLER,Vend HQ,,Cash Rounding,SA,MRSOOL,"0102"
586,Mrsool,45015,"31132",AlQurashi-KSA,Vend,Vend Invoice,"1",Bank Charge,HAYAT,Vend HQ,,Cash Rounding,SA,MRSOOL,"0104"
587,Mrsool,45015,"31094",AlQurashi-KSA,Vend,Vend Invoice,"1",Bank Charge,TAHLIA,Vend HQ,,Cash Rounding,SA,MRSOOL,"0201"
588,Mrsool,45015,"31123",AlQurashi-KSA,Vend,Vend Invoice,"1",Bank Charge,REDSEA,Vend HQ,,Cash Rounding,SA,MRSOOL,"0202"
589,Mrsool,45015,"31098",AlQurashi-KSA,Vend,Vend Invoice,"1",Bank Charge,ANDLUS,Vend HQ,,Cash Rounding,SA,MRSOOL,"0203"
590,Mrsool,45015,"31117",AlQurashi-KSA,Vend,Vend Invoice,"1",Bank Charge,MAHMAL,Vend HQ,,Cash Rounding,SA,MRSOOL,"0204"
591,Mrsool,45015,"31112",AlQurashi-KSA,Vend,Vend Invoice,"1",Bank Charge,FLAMINGO,Vend HQ,,Cash Rounding,SA,MRSOOL,"0205"
592,Mrsool,45015,"31110",AlQurashi-KSA,Vend,Vend Invoice,"1",Bank Charge,SALAMJED,Vend HQ,,Cash Rounding,SA,MRSOOL,"0208"
593,Mrsool,45015,"31108",AlQurashi-KSA,Vend,Vend Invoice,"1",Bank Charge,MEDAD,Vend HQ,,Cash Rounding,SA,MRSOOL,"0103"
594,Mrsool,45015,"31131",AlQurashi-KSA,Vend,Vend Invoice,"1",Bank Charge,AMWAJ,Vend HQ,,Cash Rounding,SA,MRSOOL,"0401"
595,Mrsool,45015,"31113",AlQurashi-KSA,Vend,Vend Invoice,"1",Bank Charge,AZIZMALL,Vend HQ,,Cash Rounding,SA,MRSOOL,"0206"
596,Mrsool,45015,"31105",AlQurashi-KSA,Vend,Vend Invoice,"1",Bank Charge,HAIFAA,Vend HQ,,Cash Rounding,SA,MRSOOL,"0209"
597,Mrsool,45015,"31122",AlQurashi-KSA,Vend,Vend Invoice,"1",Bank Charge,DANA,Vend HQ,,Cash Rounding,SA,MRSOOL,"1701"
598,Mrsool,45015,"31102",AlQurashi-KSA,Vend,Vend Invoice,"1",Bank Charge,ARABMALL,Vend HQ,,Cash Rounding,SA,MRSOOL,"0210"
599,Mrsool,45015,"31095",AlQurashi-KSA,Vend,Vend Invoice,"1",Bank Charge,YASMEEN,Vend HQ,,Cash Rounding,SA,MRSOOL,"0207"
600,Mrsool,45015,"31101",AlQurashi-KSA,Vend,Vend Invoice,"1",Bank Charge,MAKKAH,Vend HQ,,Cash Rounding,SA,MRSOOL,"1401"
601,Mrsool,45015,"31115",AlQurashi-KSA,Vend,Vend Invoice,"1",Bank Charge,ALULA,Vend HQ,,Cash Rounding,SA,MRSOOL,"1502"
602,Mrsool,45015,"31097",AlQurashi-KSA,Vend,Vend Invoice,"1",Bank Charge,GRANADA,Vend HQ,,Cash Rounding,SA,MRSOOL,"0110"
603,Hungerstation,45014,"31062",AlQurashi-KSA,Vend,Vend Invoice,"1",Bank Charge,ZAHRAN,Vend HQ,,Cash Rounding,SA,HUNGERSTATION,"0601"
604,Hungerstation,45014,"31067",AlQurashi-KSA,Vend,Vend Invoice,"1",Bank Charge,EHSAA,Vend HQ,,Cash Rounding,SA,HUNGERSTATION,"0801"
605,Hungerstation,45014,"31048",AlQurashi-KSA,Vend,Vend Invoice,"1",Bank Charge,JUBAIL,Vend HQ,,Cash Rounding,SA,HUNGERSTATION,"0901"
606,Hungerstation,45014,"31082",AlQurashi-KSA,Vend,Vend Invoice,"1",Bank Charge,NAKJPLAZA,Vend HQ,,Cash Rounding,SA,HUNGERSTATION,"1101"
23731868,Mrsool,45015,"145006",AlQurashi-KSA,Vend,Vend Invoice,"1",Bank Charge,HILTONMAK3,Vend HQ,,Cash Rounding,SA,MRSOOL,"1427"
23731867,Nakhla IT Systems (LLC) Tamara,69011,"145008",AlQurashi-KSA,Vend,Vend Invoice,"1",Bank Charge,HILTONMAK3,Vend HQ,,Cash Rounding,SA,TAMARA,"1427"
23731866,Tabby Saudi For communication and IT,50011,"145007",AlQurashi-KSA,Vend,Vend Invoice,"1",Bank Charge,HILTONMAK3,Vend HQ,,Cash Rounding,SA,TABBY,"1427"
23731865,Hungerstation,45014,"145005",AlQurashi-KSA,Vend,Vend Invoice,"1",Bank Charge,HILTONMAK3,Vend HQ,,Cash Rounding,SA,HUNGERSTATION,"1427"
23731864,HILTONMAK3,162016,"145004",AlQurashi-KSA,Vend,Vend Invoice,"1",Bank Charge,HILTONMAK3,Vend HQ,,Cash Rounding,SA,NORMAL,"1427"
1366831,KHURAISSQ,83012,"68003",AlQurashi-KSA,Vend,Vend Invoice,"1",Bank Charge,KHURAISSQ,Vend HQ,,Cash Rounding,SA,NORMAL,"0120"
2366831,Hungerstation,45014,"68006",AlQurashi-KSA,Vend,Vend Invoice,"1",Bank Charge,KHURAISSQ,Vend HQ,,Cash Rounding,SA,HUNGERSTATION,"0120"
1566831,Tabby Saudi For communication and IT,50011,"68009",AlQurashi-KSA,Vend,Vend Invoice,"1",Bank Charge,KHURAISSQ,Vend HQ,,Cash Rounding,SA,TABBY,"0120"
1666831,Nakhla IT Systems (LLC) Tamara,69011,"68012",AlQurashi-KSA,Vend,Vend Invoice,"1",Bank Charge,KHURAISSQ,Vend HQ,,Cash Rounding,SA,TAMARA,"0120"
1760131,Mrsool,45015,"68015",AlQurashi-KSA,Vend,Vend Invoice,"1",Bank Charge,KHURAISSQ,Vend HQ,,Cash Rounding,SA,MRSOOL,"0120"
1366832,PRNCSLRD,83015,"68005",AlQurashi-KSA,Vend,Vend Invoice,"1",Bank Charge,PRNCSLRD,Vend HQ,,Cash Rounding,SA,NORMAL,"0219"
2366832,Hungerstation,45014,"68007",AlQurashi-KSA,Vend,Vend Invoice,"1",Bank Charge,PRNCSLRD,Vend HQ,,Cash Rounding,SA,HUNGERSTATION,"0219"
1566832,Tabby Saudi For communication and IT,50011,"68010",AlQurashi-KSA,Vend,Vend Invoice,"1",Bank Charge,PRNCSLRD,Vend HQ,,Cash Rounding,SA,TABBY,"0219"
1666832,Nakhla IT Systems (LLC) Tamara,69011,"68013",AlQurashi-KSA,Vend,Vend Invoice,"1",Bank Charge,PRNCSLRD,Vend HQ,,Cash Rounding,SA,TAMARA,"0219"
1760132,Mrsool,45015,"68016",AlQurashi-KSA,Vend,Vend Invoice,"1",Bank Charge,PRNCSLRD,Vend HQ,,Cash Rounding,SA,MRSOOL,"0219"
136684,MEDANDLUSH,85012,"71003",AlQurashi-KSA,Vend,Vend Invoice,"1",Bank Charge,MEDANDLUSH,Vend HQ,,Cash Rounding,SA,NORMAL,"0305"
236684,Hungerstation,45014,"71004",AlQurashi-KSA,Vend,Vend Invoice,"1",Bank Charge,MEDANDLUSH,Vend HQ,,Cash Rounding,SA,HUNGERSTATION,"0305"
156684,Tabby Saudi For communication and IT,50011,"71005",AlQurashi-KSA,Vend,Vend Invoice,"1",Bank Charge,MEDANDLUSH,Vend HQ,,Cash Rounding,SA,TABBY,"0305"
166684,Nakhla IT Systems (LLC) Tamara,69011,"71006",AlQurashi-KSA,Vend,Vend Invoice,"1",Bank Charge,MEDANDLUSH,Vend HQ,,Cash Rounding,SA,TAMARA,"0305"
176014,Mrsool,45015,"71007",AlQurashi-KSA,Vend,Vend Invoice,"1",Bank Charge,MEDANDLUSH,Vend HQ,,Cash Rounding,SA,MRSOOL,"0305"
236731,Hungerstation,45014,"73039",AlQurashi-KSA,Vend,Vend Invoice,"1",Bank Charge,JEDCORNCH1,Vend HQ,,Cash Rounding,SA,HUNGERSTATION,"221"
236732,Mrsool,45015,"73062",AlQurashi-KSA,Vend,Vend Invoice,"1",Bank Charge,JEDCORNCH1,Vend HQ,,Cash Rounding,SA,MRSOOL,"221"
236733,Tabby Saudi For communication and IT,50011,"73085",AlQurashi-KSA,Vend,Vend Invoice,"1",Bank Charge,JEDCORNCH1,Vend HQ,,Cash Rounding,SA,TABBY,"221"
236734,Nakhla IT Systems (LLC) Tamara,69011,"73109",AlQurashi-KSA,Vend,Vend Invoice,"1",Bank Charge,JEDCORNCH1,Vend HQ,,Cash Rounding,SA,TAMARA,"221"
236735,KHAMESBLD,87023,"73017",AlQurashi-KSA,Vend,Vend Invoice,"1",Bank Charge,KHAMESBLD,Vend HQ,,Cash Rounding,SA,NORMAL,"504"
236736,Hungerstation,45014,"73040",AlQurashi-KSA,Vend,Vend Invoice,"1",Bank Charge,KHAMESBLD,Vend HQ,,Cash Rounding,SA,HUNGERSTATION,"504"
236737,Mrsool,45015,"73063",AlQurashi-KSA,Vend,Vend Invoice,"1",Bank Charge,KHAMESBLD,Vend HQ,,Cash Rounding,SA,MRSOOL,"504"
236738,Tabby Saudi For communication and IT,50011,"73086",AlQurashi-KSA,Vend,Vend Invoice,"1",Bank Charge,KHAMESBLD,Vend HQ,,Cash Rounding,SA,TABBY,"504"
236739,Nakhla IT Systems (LLC) Tamara,69011,"73110",AlQurashi-KSA,Vend,Vend Invoice,"1",Bank Charge,KHAMESBLD,Vend HQ,,Cash Rounding,SA,TAMARA,"504"
236740,MEDSULTANA,87024,"73018",AlQurashi-KSA,Vend,Vend Invoice,"1",Bank Charge,MEDSULTANA,Vend HQ,,Cash Rounding,SA,NORMAL,"308"
236741,Hungerstation,45014,"73041",AlQurashi-KSA,Vend,Vend Invoice,"1",Bank Charge,MEDSULTANA,Vend HQ,,Cash Rounding,SA,HUNGERSTATION,"308"
236742,Mrsool,45015,"73064",AlQurashi-KSA,Vend,Vend Invoice,"1",Bank Charge,MEDSULTANA,Vend HQ,,Cash Rounding,SA,MRSOOL,"308"
236743,Tabby Saudi For communication and IT,50011,"73087",AlQurashi-KSA,Vend,Vend Invoice,"1",Bank Charge,MEDSULTANA,Vend HQ,,Cash Rounding,SA,TABBY,"308"
236744,Nakhla IT Systems (LLC) Tamara,69011,"73111",AlQurashi-KSA,Vend,Vend Invoice,"1",Bank Charge,MEDSULTANA,Vend HQ,,Cash Rounding,SA,TAMARA,"308"
607,Hungerstation,45014,"31083",AlQurashi-KSA,Vend,Vend Invoice,"1",Bank Charge,AMWAJ,Vend HQ,,Cash Rounding,SA,HUNGERSTATION,"0401"
608,Hungerstation,45014,"31066",AlQurashi-KSA,Vend,Vend Invoice,"1",Bank Charge,ASEER,Vend HQ,,Cash Rounding,SA,HUNGERSTATION,"0501"
609,Hungerstation,45014,"31080",AlQurashi-KSA,Vend,Vend Invoice,"1",Bank Charge,HAMRAA,Vend HQ,,Cash Rounding,SA,HUNGERSTATION,"0108"
610,Hungerstation,45014,"31073",AlQurashi-KSA,Vend,Vend Invoice,"1",Bank Charge,HAYAT,Vend HQ,,Cash Rounding,SA,HUNGERSTATION,"0104"
611,Hungerstation,45014,"31074",AlQurashi-KSA,Vend,Vend Invoice,"1",Bank Charge,MANAR,Vend HQ,,Cash Rounding,SA,HUNGERSTATION,"0301"
612,Hungerstation,45014,"31057",AlQurashi-KSA,Vend,Vend Invoice,"1",Bank Charge,NAKHELMALL,Vend HQ,,Cash Rounding,SA,HUNGERSTATION,"0105"
613,Hungerstation,45014,"31060",AlQurashi-KSA,Vend,Vend Invoice,"1",Bank Charge,SALAMRYD,Vend HQ,,Cash Rounding,SA,HUNGERSTATION,"0109"
614,Hungerstation,45014,"31087",AlQurashi-KSA,Vend,Vend Invoice,"1",Bank Charge,ALULA,Vend HQ,,Cash Rounding,SA,HUNGERSTATION,"1502"
615,Hungerstation,45014,"31059",AlQurashi-KSA,Vend,Vend Invoice,"1",Bank Charge,ANDLUS,Vend HQ,,Cash Rounding,SA,HUNGERSTATION,"0203"
616,Hungerstation,45014,"31075",AlQurashi-KSA,Vend,Vend Invoice,"1",Bank Charge,ARABMALL,Vend HQ,,Cash Rounding,SA,HUNGERSTATION,"0210"
617,Hungerstation,45014,"31065",AlQurashi-KSA,Vend,Vend Invoice,"1",Bank Charge,AZIZMALL,Vend HQ,,Cash Rounding,SA,HUNGERSTATION,"0206"
618,Al Nakheel Mall,3003,"2003",AlQurashi-KSA,Vend,Vend Invoice,"1",Bank Charge,NAKHELMALL,Vend HQ,,Cash Rounding,SA,NORMAL,"0105"
619,Tala Mall,3004,"2004",AlQurashi-KSA,Vend,Vend Invoice,"1",Bank Charge,TALAMALL,Vend HQ,,Cash Rounding,SA,NORMAL,"0106"
620,Khris Mall,3005,"2005",AlQurashi-KSA,Vend,Vend Invoice,"1",Bank Charge,KHERAIS,Vend HQ,,Cash Rounding,SA,NORMAL,"0107"
621,Al Hamra Mall,3006,"2006",AlQurashi-KSA,Vend,Vend Invoice,"1",Bank Charge,HAMRAA,Vend HQ,,Cash Rounding,SA,NORMAL,"0108"
622,Al Salam Mall,3007,"2007",AlQurashi-KSA,Vend,Vend Invoice,"1",Bank Charge,SALAMRYD,Vend HQ,,Cash Rounding,SA,NORMAL,"0109"
623,Noor Mall,3008,"2008",AlQurashi-KSA,Vend,Vend Invoice,"1",Bank Charge,NOUR,Vend HQ,,Cash Rounding,SA,NORMAL,"0302"
624,Al Manar Mall,3009,"2009",AlQurashi-KSA,Vend,Vend Invoice,"1",Bank Charge,MANAR,Vend HQ,,Cash Rounding,SA,NORMAL,"0301"
625,JORI MALL,4002,"3002",AlQurashi-KSA,Vend,Vend Invoice,"1",Bank Charge,JURIMALL,Vend HQ,,Cash Rounding,SA,NORMAL,"1001"
626,DAREEN MALL,4003,"3003",AlQurashi-KSA,Vend,Vend Invoice,"1",Bank Charge,DAREEN,Vend HQ,,Cash Rounding,SA,NORMAL,"0701"
627,WEST AVINEO,4004,"3004",AlQurashi-KSA,Vend,Vend Invoice,"1",Bank Charge,WESTAVENUE,Vend HQ,,Cash Rounding,SA,NORMAL,"0702"
628,AL JUBAIL MALL,4005,"3005",AlQurashi-KSA,Vend,Vend Invoice,"1",Bank Charge,JUBAIL,Vend HQ,,Cash Rounding,SA,NORMAL,"0901"
629,AL DAHRAN MALL,4006,"3006",AlQurashi-KSA,Vend,Vend Invoice,"1",Bank Charge,ZAHRAN,Vend HQ,,Cash Rounding,SA,NORMAL,"0601"
630,AL IHSA MALL,4007,"3007",AlQurashi-KSA,Vend,Vend Invoice,"1",Bank Charge,EHSAA,Vend HQ,,Cash Rounding,SA,NORMAL,"0801"
631,AL NAKheel PLAZA,4008,"3008",AlQurashi-KSA,Vend,Vend Invoice,"1",Bank Charge,NAKJPLAZA,Vend HQ,,Cash Rounding,SA,NORMAL,"1101"
632,KADI MALL,4009,"3009",AlQurashi-KSA,Vend,Vend Invoice,"1",Bank Charge,KADI,Vend HQ,,Cash Rounding,SA,NORMAL,"1301"
633,SALMAH MALL,4010,"3010",AlQurashi-KSA,Vend,Vend Invoice,"1",Bank Charge,SALAMAH,Vend HQ,,Cash Rounding,SA,NORMAL,"1201"
634,PARK MALL,4011,"3011",AlQurashi-KSA,Vend,Vend Invoice,"1",Bank Charge,TABOUK,Vend HQ,,Cash Rounding,SA,NORMAL,"1501"
635,ASSER MALL,4012,"3012",AlQurashi-KSA,Vend,Vend Invoice,"1",Bank Charge,ASEER,Vend HQ,,Cash Rounding,SA,NORMAL,"0501"
638,Hungerstation,45014,"31047",AlQurashi-KSA,Vend,Vend Invoice,"1",Bank Charge,DAREEN,Vend HQ,,Cash Rounding,SA,HUNGERSTATION,"0701"
643,Twaren Center,3001,"2001",AlQurashi-KSA,Vend,Vend Invoice,"1",Bank Charge,TAWAREN,Vend HQ,,Cash Rounding,SA,NORMAL,"0101"
644,Riyadh Gallery,5,"2",AlQurashi-KSA,Vend,Vend Invoice,"1",Bank Charge,RYDGALLER,Vend HQ,,Cash Rounding,SA,NORMAL,"0102"
645,Al Hayat Mall,3002,"2002",AlQurashi-KSA,Vend,Vend Invoice,"1",Bank Charge,HAYAT,Vend HQ,,Cash Rounding,SA,NORMAL,"0104"
646,Tahliah,8,"8",AlQurashi-KSA,Vend,Vend Invoice,"1",Bank Charge,TAHLIA,Vend HQ,,Cash Rounding,SA,NORMAL,"0201"
647,Red Sea Mall,9,"9",AlQurashi-KSA,Vend,Vend Invoice,"1",Bank Charge,REDSEA,Vend HQ,,Cash Rounding,SA,NORMAL,"0202"
648,Andalus Mall,10,"10",AlQurashi-KSA,Vend,Vend Invoice,"1",Bank Charge,ANDLUS,Vend HQ,,Cash Rounding,SA,NORMAL,"0203"
649,Mahmal Center,11,"11",AlQurashi-KSA,Vend,Vend Invoice,"1",Bank Charge,MAHMAL,Vend HQ,,Cash Rounding,SA,NORMAL,"0204"
650,Felamengo Mall,12,"12",AlQurashi-KSA,Vend,Vend Invoice,"1",Bank Charge,FLAMINGO,Vend HQ,,Cash Rounding,SA,NORMAL,"0205"
651,Salam Mall,15,"15",AlQurashi-KSA,Vend,Vend Invoice,"1",Bank Charge,SALAMJED,Vend HQ,,Cash Rounding,SA,NORMAL,"0208"
652,Medad Center,6,"6",AlQurashi-KSA,Vend,Vend Invoice,"1",Bank Charge,MEDAD,Vend HQ,,Cash Rounding,SA,NORMAL,"0103"
653,AMUAJJ MALL,4001,"3001",AlQurashi-KSA,Vend,Vend Invoice,"1",Bank Charge,AMWAJ,Vend HQ,,Cash Rounding,SA,NORMAL,"0401"
654,Aziz Mall,13,"13",AlQurashi-KSA,Vend,Vend Invoice,"1",Bank Charge,AZIZMALL,Vend HQ,,Cash Rounding,SA,NORMAL,"0206"
655,Haifaa Mall,16,"16",AlQurashi-KSA,Vend,Vend Invoice,"1",Bank Charge,HAIFAA,Vend HQ,,Cash Rounding,SA,NORMAL,"0209"
23731645,Nakhla IT Systems (LLC) Tamara,69011,"110007",AlQurashi-KSA,Vend,Vend Invoice,"1",Bank Charge,MEDALMATAL,Vend HQ,,Cash Rounding,SA,TAMARA,"314"
23731646,Hungerstation,45014,"110004",AlQurashi-KSA,Vend,Vend Invoice,"1",Bank Charge,MEDALMATAL,Vend HQ,,Cash Rounding,SA,HUNGERSTATION,"314"
23731647,Tabby Saudi For communication and IT,50011,"110006",AlQurashi-KSA,Vend,Vend Invoice,"1",Bank Charge,MEDALMATAL,Vend HQ,,Cash Rounding,SA,TABBY,"314"
23731648,MEDALMATAL,125014,"110003",AlQurashi-KSA,Vend,Vend Invoice,"1",Bank Charge,MEDALMATAL,Vend HQ,,Cash Rounding,SA,NORMAL,"314"
23731649,Mrsool,45015,"110005",AlQurashi-KSA,Vend,Vend Invoice,"1",Bank Charge,MEDALMATAL,Vend HQ,,Cash Rounding,SA,MRSOOL,"314"
23731670,HIRAAJED,138013,"121008",AlQurashi-KSA,Vend,Vend Invoice,"1",Bank Charge,HIRAAJED,Vend HQ,,Cash Rounding,SA,NORMAL,"240"
23731671,Mrsool,45015,"121010",AlQurashi-KSA,Vend,Vend Invoice,"1",Bank Charge,HIRAAJED,Vend HQ,,Cash Rounding,SA,MRSOOL,"240"
23731672,Hungerstation,45014,"121009",AlQurashi-KSA,Vend,Vend Invoice,"1",Bank Charge,HIRAAJED,Vend HQ,,Cash Rounding,SA,HUNGERSTATION,"240"
23731673,Tabby Saudi For communication and IT,50011,"121011",AlQurashi-KSA,Vend,Vend Invoice,"1",Bank Charge,HIRAAJED,Vend HQ,,Cash Rounding,SA,TABBY,"240"
23731674,Nakhla IT Systems (LLC) Tamara,69011,"121012",AlQurashi-KSA,Vend,Vend Invoice,"1",Bank Charge,HIRAAJED,Vend HQ,,Cash Rounding,SA,TAMARA,"240"
23731675,LELEMALL,139013,"122008",AlQurashi-KSA,Vend,Vend Invoice,"1",Bank Charge,LELEMALL,Vend HQ,,Cash Rounding,SA,NORMAL,"1312"
23731676,Nakhla IT Systems (LLC) Tamara,69011,"122012",AlQurashi-KSA,Vend,Vend Invoice,"1",Bank Charge,LELEMALL,Vend HQ,,Cash Rounding,SA,TAMARA,"1312"
23731677,Tabby Saudi For communication and IT,50011,"122011",AlQurashi-KSA,Vend,Vend Invoice,"1",Bank Charge,LELEMALL,Vend HQ,,Cash Rounding,SA,TABBY,"1312"
23731678,Hungerstation,45014,"122009",AlQurashi-KSA,Vend,Vend Invoice,"1",Bank Charge,LELEMALL,Vend HQ,,Cash Rounding,SA,HUNGERSTATION,"1312"
23731679,Mrsool,45015,"122010",AlQurashi-KSA,Vend,Vend Invoice,"1",Bank Charge,LELEMALL,Vend HQ,,Cash Rounding,SA,MRSOOL,"1312"
23731685,Mrsool,45015,"123025",AlQurashi-KSA,Vend,Vend Invoice,"1",Bank Charge,MAKHIJZMLL,Vend HQ,,Cash Rounding,SA,MRSOOL,"1414"
23731686,Hungerstation,45014,"123024",AlQurashi-KSA,Vend,Vend Invoice,"1",Bank Charge,MAKHIJZMLL,Vend HQ,,Cash Rounding,SA,HUNGERSTATION,"1414"
23731687,Tabby Saudi For communication and IT,50011,"123026",AlQurashi-KSA,Vend,Vend Invoice,"1",Bank Charge,MAKHIJZMLL,Vend HQ,,Cash Rounding,SA,TABBY,"1414"
23731688,Nakhla IT Systems (LLC) Tamara,69011,"123027",AlQurashi-KSA,Vend,Vend Invoice,"1",Bank Charge,MAKHIJZMLL,Vend HQ,,Cash Rounding,SA,TAMARA,"1414"
23731689,MAKHIJZMLL,140016,"123023",AlQurashi-KSA,Vend,Vend Invoice,"1",Bank Charge,MAKHIJZMLL,Vend HQ,,Cash Rounding,SA,NORMAL,"1414"
23731756,Hungerstation,45014,"124070",AlQurashi-KSA,Vend,Vend Invoice,"1",Bank Charge,JEDWAHBLVD,Vend HQ,,Cash Rounding,SA,HUNGERSTATION,"0242"
23731755,Mrsool,45015,"124071",AlQurashi-KSA,Vend,Vend Invoice,"1",Bank Charge,JEDWAHBLVD,Vend HQ,,Cash Rounding,SA,MRSOOL,"0242"
23731754,JEDWAHBLVD,141026,"124069",AlQurashi-KSA,Vend,Vend Invoice,"1",Bank Charge,JEDWAHBLVD,Vend HQ,,Cash Rounding,SA,NORMAL,"0242"
23731768,Nakhla IT Systems (LLC) Tamara,69011,"134007",AlQurashi-KSA,Vend,Vend Invoice,"1",Bank Charge,JUBAILMAL2,Vend HQ,,Cash Rounding,SA,TAMARA,"0905"
23731767,Tabby Saudi For communication and IT,50011,"134006",AlQurashi-KSA,Vend,Vend Invoice,"1",Bank Charge,JUBAILMAL2,Vend HQ,,Cash Rounding,SA,TABBY,"0905"
23731766,Hungerstation,45014,"134004",AlQurashi-KSA,Vend,Vend Invoice,"1",Bank Charge,JUBAILMAL2,Vend HQ,,Cash Rounding,SA,HUNGERSTATION,"0905"
23731765,Mrsool,45015,"134005",AlQurashi-KSA,Vend,Vend Invoice,"1",Bank Charge,JUBAILMAL2,Vend HQ,,Cash Rounding,SA,MRSOOL,"0905"
23731770,Hungerstation,45014,"134009",AlQurashi-KSA,Vend,Vend Invoice,"1",Bank Charge,RYDMARINA,Vend HQ,,Cash Rounding,SA,HUNGERSTATION,"0151"
23731764,JUBAILMAL2,151012,"134003",AlQurashi-KSA,Vend,Vend Invoice,"1",Bank Charge,JUBAILMAL2,Vend HQ,,Cash Rounding,SA,NORMAL,"0905"
23731769,RYDMARINA,151013,"134008",AlQurashi-KSA,Vend,Vend Invoice,"1",Bank Charge,RYDMARINA,Vend HQ,,Cash Rounding,SA,NORMAL,"0151"
23731772,Nakhla IT Systems (LLC) Tamara,69011,"134012",AlQurashi-KSA,Vend,Vend Invoice,"1",Bank Charge,RYDMARINA,Vend HQ,,Cash Rounding,SA,TAMARA,"0151"
23731771,Tabby Saudi For communication and IT,50011,"134011",AlQurashi-KSA,Vend,Vend Invoice,"1",Bank Charge,RYDMARINA,Vend HQ,,Cash Rounding,SA,TABBY,"0151"
23731773,Mrsool,45015,"134010",AlQurashi-KSA,Vend,Vend Invoice,"1",Bank Charge,RYDMARINA,Vend HQ,,Cash Rounding,SA,MRSOOL,"0151"
